Updates,Timesteps,FPS,reward_mean,reward_median,space_ratio,items_packed,loss_entropy,loss_value,loss_action,loss_infeasibility,popart_mean,popart_std
5,2400,148,0.13,0.13,0.400,74.60,1.8603,16.2813,0.3701,0.0002,0.001,1.004
10,4800,252,0.10,0.11,0.344,64.20,2.7127,170.2036,-0.6869,0.0002,-0.002,1.029
15,7200,326,0.11,0.10,0.339,63.20,2.8257,3.1855,-0.0745,0.0002,-0.009,1.085
20,9600,390,0.11,0.11,0.358,66.80,2.8924,81.8725,0.2962,0.0002,-0.005,1.123
25,12000,431,0.06,0.07,0.357,66.60,3.1151,2.8378,-0.4415,0.0002,-0.001,1.145
30,14400,468,0.12,0.14,0.385,71.80,3.4179,3.1690,-0.4175,0.0002,-0.004,1.158
35,16800,491,0.14,0.14,0.392,73.10,3.5482,20.9196,0.3970,0.0002,-0.001,1.175
40,19200,520,0.08,0.08,0.376,70.20,3.5517,2.1181,-0.3086,0.0002,0.003,1.194
45,21600,537,0.04,0.05,0.372,69.40,3.9914,58.0843,-0.0077,0.0002,-0.004,1.249
50,24000,560,0.02,0.02,0.370,69.00,4.6645,51.2604,0.1392,0.0001,-0.013,1.341
55,26400,572,0.04,0.04,0.371,69.20,4.9000,65.7606,0.8250,0.0001,-0.012,1.369
60,28800,591,0.04,0.05,0.363,67.70,4.3933,54.7343,-0.6448,0.0001,-0.006,1.413
65,31200,599,0.06,0.07,0.351,65.60,4.7552,444.4211,-1.0291,0.0001,-0.016,1.569
70,33600,614,0.08,0.07,0.363,67.80,4.3628,67.3898,-0.5038,0.0001,-0.036,1.879
75,36000,620,0.07,0.08,0.360,67.20,3.9275,583.2207,0.4620,0.0002,-0.026,2.164
80,38400,633,0.06,0.05,0.361,67.30,3.8789,2339.4033,0.9401,0.0002,0.013,3.090
85,40800,636,0.09,0.09,0.368,68.70,4.8160,292.6067,1.2166,0.0001,0.051,3.684
90,43200,645,0.04,0.03,0.354,66.00,5.3935,18.0413,-0.7130,0.0001,0.056,3.738
95,45600,649,0.03,0.03,0.350,65.30,4.1602,18.6235,-0.1150,0.0002,0.047,3.766
100,48000,658,0.00,0.03,0.351,65.50,4.2881,26.7251,1.8454,0.0001,0.047,3.775
105,50400,663,0.01,0.02,0.354,66.00,5.2299,3.8952,-0.5196,0.0001,0.052,3.783
110,52800,672,-0.03,-0.02,0.346,64.50,4.5631,6.9763,-1.1326,0.0001,0.049,3.787
115,55200,674,-0.01,0.01,0.347,64.70,4.4400,0.4492,1.0522,0.0001,0.048,3.788
120,57600,683,0.03,0.02,0.365,68.20,4.6748,0.3247,-1.1483,0.0001,0.049,3.788
125,60000,684,-0.01,-0.01,0.350,65.30,5.2651,0.8054,-0.2598,0.0001,0.048,3.787
130,62400,691,0.01,0.01,0.366,68.40,4.5243,0.2947,0.3421,0.0001,0.048,3.787
135,64800,693,0.03,0.03,0.356,66.50,4.4410,0.1164,-0.4809,0.0001,0.048,3.786
140,67200,698,-0.02,-0.03,0.340,63.50,5.3224,0.1312,-0.4519,0.0001,0.048,3.785
145,69600,699,-0.02,-0.03,0.341,63.60,4.8140,0.1348,1.0262,0.0001,0.048,3.784
150,72000,702,-0.06,-0.05,0.325,60.60,4.6120,0.1231,-0.9080,0.0001,0.048,3.783
155,74400,704,-0.03,-0.02,0.329,61.40,4.9067,0.0542,0.0627,0.0001,0.048,3.783
160,76800,709,-0.02,-0.02,0.338,63.00,4.6345,0.0454,0.2612,0.0001,0.048,3.782
165,79200,710,0.00,0.00,0.339,63.20,4.9250,0.0279,-0.3421,0.0001,0.048,3.781
170,81600,714,0.07,0.06,0.381,71.20,4.6285,0.0222,-0.6434,0.0001,0.048,3.780
175,84000,715,0.03,0.04,0.357,66.60,4.9746,0.0215,0.3288,0.0001,0.048,3.779
180,86400,718,0.04,0.03,0.344,64.30,5.1950,0.0325,0.4547,0.0001,0.048,3.778
185,88800,718,0.03,0.03,0.336,62.70,5.1293,0.0551,-0.8517,0.0001,0.048,3.777
190,91200,720,0.01,0.01,0.323,60.30,5.3666,0.0269,0.5166,0.0001,0.048,3.776
195,93600,721,-0.01,-0.01,0.321,59.90,5.1198,0.0368,0.6750,0.0001,0.048,3.775
200,96000,725,0.02,0.02,0.325,60.70,5.7985,0.0165,-0.2515,0.0001,0.048,3.774
205,98400,724,-0.00,0.01,0.317,59.10,5.4086,0.0334,0.8860,0.0001,0.048,3.773
210,100800,728,0.01,0.00,0.328,61.20,5.4566,0.0217,0.0490,0.0001,0.048,3.772
215,103200,728,0.01,0.02,0.329,61.40,5.2581,0.0226,0.1491,0.0001,0.048,3.771
220,105600,731,0.03,0.05,0.332,62.00,5.6421,0.0179,-0.1519,0.0001,0.048,3.771
225,108000,731,0.03,0.01,0.336,62.70,5.4405,0.0186,-0.4355,0.0001,0.048,3.770
230,110400,735,0.01,0.01,0.336,62.80,4.8588,0.0144,0.5411,0.0001,0.047,3.769
235,112800,736,0.01,0.01,0.324,60.50,6.3042,0.0128,-0.1390,0.0001,0.047,3.768
240,115200,739,-0.01,-0.01,0.317,59.20,4.9006,0.0431,-0.9298,0.0001,0.047,3.767
245,117600,739,0.03,0.04,0.334,62.30,6.0980,0.0178,0.4212,0.0001,0.047,3.766
250,120000,741,0.00,-0.00,0.323,60.20,5.4193,0.0294,-1.1193,0.0001,0.047,3.765
255,122400,742,-0.00,0.01,0.345,64.40,6.1320,0.0202,0.3489,0.0001,0.047,3.764
260,124800,745,-0.03,-0.03,0.322,60.10,5.6621,0.0184,0.0220,0.0001,0.047,3.763
265,127200,744,0.01,0.01,0.359,67.00,5.3579,0.0323,-0.7469,0.0001,0.047,3.762
270,129600,746,0.03,0.04,0.369,68.80,5.3078,0.0167,0.5607,0.0001,0.047,3.761
275,132000,745,0.04,0.06,0.364,67.90,5.6570,0.0170,0.1635,0.0001,0.047,3.760
280,134400,747,0.02,0.03,0.373,69.60,5.7529,0.0154,-0.3856,0.0001,0.047,3.759
285,136800,746,0.04,0.04,0.362,67.50,5.5206,0.0266,-0.1634,0.0001,0.047,3.758
290,139200,748,0.03,0.05,0.362,67.60,5.2613,0.0169,-0.1794,0.0001,0.047,3.758
295,141600,749,-0.00,-0.00,0.346,64.50,5.7407,0.0152,-0.6493,0.0001,0.047,3.757
300,144000,751,0.02,0.02,0.359,67.00,5.8341,0.0171,0.8843,0.0001,0.047,3.756
305,146400,750,0.02,0.02,0.361,67.30,5.9189,0.0117,0.4250,0.0001,0.047,3.755
310,148800,752,-0.02,-0.01,0.337,62.90,5.9588,0.0252,-0.2541,0.0001,0.047,3.754
315,151200,752,-0.00,0.00,0.339,63.20,5.9059,0.0154,0.1744,0.0001,0.047,3.753
320,153600,754,0.02,0.04,0.350,65.30,5.6680,0.0141,0.0619,0.0001,0.047,3.752
325,156000,754,0.00,-0.00,0.343,64.00,6.0288,0.0124,0.0106,0.0001,0.047,3.751
330,158400,756,0.01,0.01,0.343,64.10,6.1105,0.0122,-0.4451,0.0001,0.047,3.750
335,160800,755,-0.02,-0.02,0.330,61.60,5.7885,0.0186,0.2941,0.0001,0.047,3.749
340,163200,757,-0.04,-0.05,0.316,59.00,6.2097,0.0168,-0.6304,0.0001,0.047,3.748
345,165600,756,-0.02,-0.02,0.328,61.20,5.9435,0.0151,0.3365,0.0001,0.047,3.747
350,168000,758,-0.01,-0.02,0.333,62.20,6.1412,0.0150,-0.0477,0.0001,0.047,3.746
355,170400,758,-0.03,-0.02,0.321,59.90,5.8369,0.0216,-0.8476,0.0001,0.047,3.745
360,172800,760,-0.02,-0.02,0.320,59.80,5.8945,0.0183,0.3718,0.0001,0.047,3.744
365,175200,759,-0.03,-0.04,0.321,60.00,5.7571,0.0135,-0.2693,0.0001,0.047,3.744
370,177600,761,-0.03,-0.04,0.323,60.30,5.6154,0.0167,-0.6383,0.0001,0.046,3.743
375,180000,762,0.00,0.01,0.328,61.30,5.2691,0.0098,0.1935,0.0001,0.046,3.742
380,182400,764,0.01,0.01,0.348,64.90,4.9862,0.0179,0.5235,0.0001,0.046,3.741
385,184800,763,0.01,0.02,0.347,64.80,5.5976,0.0117,0.3700,0.0001,0.046,3.740
390,187200,765,0.02,0.02,0.342,63.90,6.0192,0.0148,-0.2181,0.0001,0.046,3.739
395,189600,765,0.01,0.01,0.339,63.30,5.2559,0.0283,0.3513,0.0001,0.046,3.738
400,192000,766,0.04,0.04,0.347,64.70,5.3558,0.0171,-1.0399,0.0001,0.046,3.737
405,194400,767,0.02,0.02,0.342,63.80,5.8228,0.0120,0.2882,0.0001,0.046,3.736
410,196800,767,0.01,0.01,0.355,66.20,5.8529,0.0128,-0.4870,0.0001,0.046,3.735
415,199200,768,0.02,0.02,0.343,64.10,5.4792,0.0109,0.3740,0.0001,0.046,3.734
420,201600,768,-0.00,0.00,0.329,61.40,5.6347,0.0090,-0.4526,0.0001,0.046,3.733
425,204000,768,0.02,0.00,0.329,61.50,6.3856,0.0112,-0.2368,0.0001,0.046,3.732
430,206400,769,0.00,-0.01,0.344,64.20,6.2100,0.0160,-0.0072,0.0001,0.046,3.732
435,208800,768,-0.03,-0.02,0.334,62.30,5.9480,0.0132,-0.1800,0.0001,0.046,3.731
440,211200,768,0.01,0.01,0.320,59.80,6.2610,0.0078,-0.0448,0.0001,0.046,3.730
445,213600,768,-0.01,-0.01,0.322,60.10,6.1231,0.0101,-0.1074,0.0001,0.046,3.729
450,216000,770,-0.01,-0.01,0.331,61.70,6.3633,0.0093,-0.2265,0.0001,0.046,3.728
455,218400,770,-0.03,-0.04,0.313,58.40,6.1698,0.0118,-0.4878,0.0001,0.046,3.727
460,220800,771,-0.02,-0.02,0.340,63.40,6.3193,0.0100,0.5621,0.0001,0.046,3.726
465,223200,770,-0.02,-0.03,0.333,62.10,5.9296,0.0140,-0.3924,0.0001,0.046,3.725
470,225600,771,0.01,0.01,0.333,62.10,6.1990,0.0126,-0.0750,0.0001,0.046,3.724
475,228000,770,0.01,0.02,0.312,58.20,6.1274,0.0072,0.2350,0.0001,0.046,3.723
480,230400,772,-0.01,-0.01,0.317,59.10,6.1334,0.0078,-0.0911,0.0001,0.046,3.722
485,232800,771,0.02,0.02,0.325,60.60,5.7715,0.0100,0.0469,0.0001,0.046,3.721
490,235200,773,-0.01,-0.00,0.312,58.20,5.9966,0.0071,-0.1221,0.0001,0.046,3.720
495,237600,772,-0.03,-0.03,0.308,57.50,6.0509,0.0098,0.2766,0.0001,0.046,3.719
500,240000,773,-0.03,-0.03,0.311,58.00,6.2335,0.0099,0.2971,0.0001,0.046,3.719
505,242400,773,-0.02,-0.02,0.319,59.50,6.5878,0.0088,0.3022,0.0001,0.046,3.718
510,244800,774,-0.06,-0.06,0.318,59.40,6.6939,0.0076,0.2561,0.0001,0.045,3.717
515,247200,773,-0.05,-0.05,0.337,62.90,6.3970,0.0151,-0.1196,0.0001,0.045,3.716
520,249600,774,-0.01,-0.01,0.328,61.20,6.8645,0.0092,-0.4838,0.0001,0.045,3.715
525,252000,774,-0.06,-0.06,0.319,59.60,6.6092,0.0131,-0.1857,0.0001,0.045,3.714
530,254400,775,-0.04,-0.04,0.337,62.90,6.5719,0.0133,-1.0291,0.0001,0.045,3.713
535,256800,775,-0.03,-0.04,0.330,61.60,6.9426,0.0073,0.0151,0.0001,0.045,3.712
540,259200,776,-0.03,-0.02,0.327,61.10,6.2597,0.0076,0.3018,0.0001,0.045,3.711
545,261600,776,-0.05,-0.03,0.325,60.60,6.7813,0.0080,-0.3718,0.0001,0.045,3.710
550,264000,777,-0.05,-0.06,0.324,60.50,6.4224,0.0120,0.2749,0.0001,0.045,3.709
555,266400,776,-0.05,-0.04,0.338,63.00,6.4240,0.0117,0.7523,0.0001,0.045,3.708
560,268800,777,-0.02,-0.04,0.335,62.50,6.7780,0.0197,-0.9622,0.0001,0.045,3.707
565,271200,777,-0.05,-0.04,0.317,59.10,6.5299,0.0127,-0.5986,0.0001,0.045,3.707
570,273600,778,-0.01,-0.02,0.339,63.20,6.8872,0.0090,0.3361,0.0001,0.045,3.706
575,276000,777,-0.04,-0.03,0.328,61.30,6.5156,0.0095,-0.6452,0.0001,0.045,3.705
580,278400,778,-0.02,-0.03,0.332,62.00,7.0115,0.0086,-0.3825,0.0001,0.045,3.704
585,280800,778,-0.03,-0.02,0.333,62.20,6.7497,0.0066,0.0234,0.0001,0.045,3.703
590,283200,779,-0.03,-0.04,0.330,61.60,6.9652,0.0063,0.1571,0.0001,0.045,3.702
595,285600,778,-0.01,-0.03,0.341,63.60,6.7960,0.0062,0.1018,0.0001,0.045,3.701
600,288000,779,-0.01,-0.02,0.334,62.30,6.8630,0.0061,-0.1351,0.0001,0.045,3.700
605,290400,778,-0.03,-0.04,0.329,61.50,6.5991,0.0074,-0.3172,0.0001,0.045,3.699
610,292800,780,-0.05,-0.04,0.322,60.10,6.8057,0.0067,0.0187,0.0001,0.045,3.698
615,295200,779,-0.02,-0.03,0.329,61.40,6.5375,0.0075,-0.1520,0.0001,0.045,3.697
620,297600,780,-0.02,-0.02,0.320,59.70,6.8334,0.0061,0.1903,0.0001,0.045,3.696
625,300000,780,-0.02,-0.03,0.330,61.60,6.5184,0.0091,0.0345,0.0001,0.045,3.696
630,302400,780,-0.02,-0.05,0.327,61.10,6.8404,0.0079,0.4272,0.0001,0.045,3.695
635,304800,780,-0.03,-0.03,0.326,60.90,6.5234,0.0109,0.0423,0.0001,0.044,3.694
640,307200,781,-0.03,-0.01,0.329,61.40,6.9387,0.0063,-0.0009,0.0001,0.044,3.693
645,309600,781,-0.03,-0.03,0.336,62.80,6.9136,0.0078,-0.1039,0.0001,0.044,3.692
650,312000,782,-0.05,-0.05,0.328,61.30,6.5153,0.0068,0.0491,0.0001,0.044,3.691
655,314400,780,-0.02,-0.01,0.310,57.80,6.6211,0.0079,0.1372,0.0001,0.044,3.690
660,316800,781,-0.03,-0.03,0.310,57.90,6.5664,0.0079,-0.1786,0.0001,0.044,3.689
665,319200,781,-0.02,-0.03,0.304,56.70,6.7715,0.0080,-0.0869,0.0001,0.044,3.688
670,321600,781,-0.04,-0.04,0.324,60.50,6.3733,0.0054,0.6141,0.0001,0.044,3.687
675,324000,781,-0.04,-0.04,0.306,57.20,6.7652,0.0070,0.3290,0.0001,0.044,3.686
680,326400,781,-0.06,-0.05,0.314,58.60,6.7752,0.0077,0.3536,0.0001,0.044,3.685
685,328800,781,-0.04,-0.03,0.306,57.10,6.7165,0.0090,-0.2438,0.0001,0.044,3.684
690,331200,781,-0.02,-0.01,0.331,61.70,6.7123,0.0058,0.3825,0.0001,0.044,3.684
695,333600,781,-0.04,-0.03,0.313,58.40,6.6111,0.0101,0.2429,0.0001,0.044,3.683
700,336000,782,-0.06,-0.05,0.318,59.40,6.6632,0.0160,-1.1730,0.0001,0.044,3.682
705,338400,781,-0.03,-0.01,0.328,61.20,6.5172,0.0077,0.4863,0.0001,0.044,3.681
710,340800,782,-0.04,-0.04,0.319,59.60,6.5906,0.0054,0.4629,0.0001,0.044,3.680
715,343200,782,-0.04,-0.04,0.321,60.00,6.8071,0.0086,-0.6502,0.0001,0.044,3.679
720,345600,783,-0.03,-0.04,0.317,59.10,6.6839,0.0069,-0.0091,0.0001,0.044,3.678
725,348000,782,-0.03,-0.03,0.319,59.50,6.7507,0.0074,-0.3941,0.0001,0.044,3.677
730,350400,783,-0.05,-0.05,0.312,58.20,6.8769,0.0068,0.7744,0.0001,0.044,3.676
735,352800,783,-0.04,-0.04,0.310,57.90,7.1878,0.0050,-0.2692,0.0001,0.044,3.675
740,355200,784,-0.02,-0.02,0.321,60.00,6.8341,0.0067,-0.1214,0.0001,0.044,3.674
745,357600,784,-0.04,-0.04,0.331,61.80,6.9402,0.0101,0.2693,0.0001,0.044,3.673
750,360000,784,-0.02,-0.03,0.318,59.30,6.8710,0.0064,0.0430,0.0001,0.044,3.673
755,362400,784,-0.03,-0.03,0.323,60.30,7.2427,0.0082,-0.5611,0.0001,0.044,3.672
760,364800,785,-0.02,-0.02,0.326,60.80,7.0885,0.0076,0.3215,0.0001,0.044,3.671
765,367200,784,-0.01,-0.01,0.322,60.10,7.1254,0.0069,0.2740,0.0001,0.044,3.670
770,369600,785,-0.00,-0.00,0.329,61.50,6.8145,0.0040,-0.3580,0.0001,0.043,3.669
775,372000,785,-0.02,-0.01,0.328,61.20,6.9591,0.0070,0.3356,0.0001,0.043,3.668
780,374400,785,-0.04,-0.04,0.331,61.70,6.9201,0.0052,0.0840,0.0001,0.043,3.667
785,376800,785,-0.03,-0.03,0.333,62.20,7.0109,0.0049,0.0661,0.0001,0.043,3.666
790,379200,785,-0.05,-0.04,0.326,60.80,6.9680,0.0047,-0.0832,0.0001,0.043,3.665
795,381600,785,-0.05,-0.04,0.328,61.20,6.7766,0.0051,-0.1787,0.0001,0.043,3.664
800,384000,785,-0.01,-0.01,0.343,64.10,6.5314,0.0082,0.5019,0.0001,0.043,3.663
805,386400,785,-0.03,-0.02,0.325,60.70,6.5711,0.0066,-0.3898,0.0001,0.043,3.663
810,388800,786,-0.03,-0.02,0.336,62.80,6.4355,0.0054,0.0490,0.0001,0.043,3.662
815,391200,786,-0.05,-0.04,0.318,59.30,7.1934,0.0035,0.5389,0.0001,0.043,3.661
820,393600,786,-0.04,-0.05,0.327,61.10,6.7900,0.0054,-0.4362,0.0001,0.043,3.660
825,396000,786,-0.03,-0.03,0.324,60.40,7.2680,0.0084,-0.6564,0.0001,0.043,3.659
830,398400,787,-0.05,-0.04,0.326,60.90,6.8100,0.0053,-0.1651,0.0001,0.043,3.658
835,400800,787,-0.03,-0.04,0.332,62.00,7.1535,0.0060,0.8868,0.0001,0.043,3.657
840,403200,787,-0.03,-0.03,0.334,62.30,7.0391,0.0039,0.0349,0.0001,0.043,3.656
845,405600,787,-0.02,-0.00,0.334,62.30,7.0958,0.0071,-0.2714,0.0001,0.043,3.655
850,408000,787,-0.03,-0.02,0.330,61.60,6.8507,0.0047,0.6058,0.0001,0.043,3.654
855,410400,787,-0.04,-0.04,0.320,59.70,6.9574,0.0050,0.3999,0.0001,0.043,3.653
860,412800,788,-0.05,-0.05,0.316,59.00,6.8984,0.0037,0.0714,0.0001,0.043,3.652
865,415200,788,-0.03,-0.03,0.325,60.70,7.0982,0.0042,-0.0862,0.0001,0.043,3.652
870,417600,788,-0.04,-0.04,0.321,60.00,6.5181,0.0047,-0.5647,0.0001,0.043,3.651
875,420000,788,-0.03,-0.03,0.332,62.00,6.7465,0.0046,-0.1697,0.0001,0.043,3.650
880,422400,789,-0.03,-0.05,0.338,63.00,6.8469,0.0056,-0.0956,0.0001,0.043,3.649
885,424800,789,-0.03,-0.02,0.327,61.10,7.0093,0.0050,-0.4920,0.0001,0.043,3.648
890,427200,789,-0.05,-0.07,0.325,60.60,7.3525,0.0062,0.3336,0.0001,0.043,3.647
895,429600,789,-0.03,-0.02,0.325,60.70,6.6714,0.0057,0.3509,0.0001,0.043,3.646
900,432000,789,-0.04,-0.05,0.323,60.30,7.4326,0.0044,-0.3664,0.0001,0.043,3.645
905,434400,788,-0.03,-0.04,0.322,60.10,7.0472,0.0051,-0.3944,0.0001,0.042,3.644
910,436800,789,-0.05,-0.05,0.333,62.20,6.9758,0.0057,-0.1488,0.0001,0.042,3.643
915,439200,789,-0.02,-0.02,0.323,60.20,7.1924,0.0049,-0.2284,0.0001,0.042,3.642
920,441600,790,-0.06,-0.07,0.329,61.50,6.5779,0.0052,-0.0516,0.0001,0.042,3.642
925,444000,789,-0.01,-0.02,0.346,64.60,7.1092,0.0031,-0.1396,0.0001,0.042,3.641
930,446400,790,-0.03,-0.03,0.326,60.80,6.8112,0.0063,0.3109,0.0001,0.042,3.640
935,448800,790,-0.03,-0.04,0.331,61.80,7.0227,0.0043,0.0193,0.0001,0.042,3.639
940,451200,790,-0.05,-0.05,0.319,59.60,6.8541,0.0058,-0.2536,0.0001,0.042,3.638
945,453600,790,-0.03,-0.03,0.328,61.20,7.1404,0.0055,-0.3277,0.0001,0.042,3.637
950,456000,790,-0.04,-0.03,0.330,61.60,6.9752,0.0057,0.4388,0.0001,0.042,3.636
955,458400,790,-0.04,-0.04,0.325,60.70,7.3095,0.0033,0.0837,0.0001,0.042,3.635
960,460800,791,-0.05,-0.06,0.316,58.90,7.0414,0.0041,0.0922,0.0001,0.042,3.634
965,463200,790,-0.04,-0.04,0.326,60.80,7.2594,0.0055,0.0074,0.0001,0.042,3.633
970,465600,791,-0.05,-0.06,0.321,59.90,7.2392,0.0040,0.2876,0.0001,0.042,3.633
975,468000,791,-0.04,-0.04,0.329,61.50,7.0300,0.0050,0.6362,0.0001,0.042,3.632
980,470400,792,-0.05,-0.04,0.318,59.40,7.4201,0.0051,0.7156,0.0001,0.042,3.631
985,472800,791,-0.05,-0.05,0.332,61.90,6.5715,0.0080,-0.6365,0.0001,0.042,3.630
990,475200,792,-0.05,-0.05,0.328,61.20,6.5218,0.0071,0.6201,0.0001,0.042,3.629
995,477600,792,-0.04,-0.04,0.341,63.70,6.9578,0.0028,-0.1936,0.0001,0.042,3.628
1000,480000,792,-0.06,-0.06,0.328,61.30,6.9156,0.0036,-0.0937,0.0001,0.042,3.627
1005,482400,792,-0.01,-0.01,0.346,64.50,6.7614,0.0034,-0.0813,0.0001,0.042,3.626
1010,484800,792,-0.03,-0.03,0.343,64.00,6.5820,0.0057,-0.0341,0.0001,0.042,3.625
1015,487200,792,-0.01,-0.01,0.347,64.70,6.9222,0.0039,-0.0112,0.0001,0.042,3.624
1020,489600,793,-0.03,-0.02,0.332,61.90,6.5962,0.0047,-0.4286,0.0001,0.042,3.623
1025,492000,793,-0.04,-0.04,0.335,62.50,7.0068,0.0044,0.2323,0.0001,0.041,3.623
1030,494400,793,-0.02,-0.01,0.340,63.50,6.7734,0.0042,0.0779,0.0001,0.041,3.622
1035,496800,793,-0.04,-0.05,0.336,62.70,6.8034,0.0039,0.2288,0.0001,0.041,3.621
1040,499200,794,-0.04,-0.02,0.332,62.00,6.8306,0.0038,0.3334,0.0001,0.041,3.620
1045,501600,793,-0.05,-0.05,0.328,61.30,7.0770,0.0043,-0.1467,0.0001,0.041,3.619
1050,504000,794,-0.04,-0.05,0.328,61.30,6.9927,0.0049,0.6082,0.0001,0.041,3.618
1055,506400,793,-0.06,-0.07,0.341,63.70,6.7594,0.0058,0.0623,0.0001,0.041,3.617
1060,508800,794,-0.03,-0.02,0.332,61.90,6.6256,0.0047,0.3523,0.0001,0.041,3.616
1065,511200,793,-0.06,-0.06,0.309,57.60,6.9572,0.0044,0.1487,0.0001,0.041,3.615
1070,513600,794,-0.04,-0.03,0.331,61.80,6.5708,0.0053,-0.0127,0.0001,0.041,3.614
1075,516000,794,-0.06,-0.06,0.318,59.30,6.9269,0.0037,-0.0545,0.0001,0.041,3.614
1080,518400,794,-0.05,-0.04,0.320,59.80,6.8886,0.0038,-0.2487,0.0001,0.041,3.613
1085,520800,794,-0.05,-0.06,0.321,60.00,7.5719,0.0045,0.1121,0.0001,0.041,3.612
1090,523200,794,-0.04,-0.04,0.318,59.30,7.0222,0.0049,0.4403,0.0001,0.041,3.611
1095,525600,794,-0.01,-0.01,0.339,63.30,7.2083,0.0037,-0.3489,0.0001,0.041,3.610
1100,528000,795,-0.05,-0.05,0.326,60.80,7.2334,0.0047,-0.1159,0.0001,0.041,3.609
1105,530400,795,-0.04,-0.04,0.334,62.30,6.8672,0.0025,-0.0564,0.0001,0.041,3.608
1110,532800,795,-0.01,0.01,0.346,64.50,7.1302,0.0024,-0.3999,0.0001,0.041,3.607
1115,535200,795,-0.03,-0.03,0.331,61.80,6.8476,0.0035,-0.5646,0.0001,0.041,3.606
1120,537600,795,-0.02,-0.02,0.332,62.00,7.2680,0.0026,-0.1604,0.0001,0.041,3.605
1125,540000,794,-0.04,-0.04,0.332,62.00,6.9888,0.0039,-0.3209,0.0001,0.041,3.605
1130,542400,795,-0.01,-0.01,0.339,63.20,7.0514,0.0033,-0.4384,0.0001,0.041,3.604
1135,544800,794,-0.03,-0.03,0.334,62.40,7.3266,0.0035,0.3334,0.0001,0.041,3.603
1140,547200,795,-0.02,-0.02,0.333,62.10,7.2367,0.0029,0.7785,0.0001,0.041,3.602
1145,549600,795,-0.04,-0.05,0.330,61.60,7.0090,0.0039,0.3449,0.0001,0.041,3.601
1150,552000,795,-0.03,-0.03,0.323,60.20,7.1840,0.0027,-0.4407,0.0001,0.041,3.600
1155,554400,795,-0.01,-0.01,0.331,61.70,6.8192,0.0029,-0.2991,0.0001,0.041,3.599
1160,556800,795,-0.00,0.00,0.328,61.20,7.2155,0.0036,0.1182,0.0001,0.040,3.598
1165,559200,795,-0.01,-0.01,0.327,61.00,6.8086,0.0035,0.3756,0.0001,0.040,3.597
1170,561600,795,-0.02,-0.03,0.336,62.70,7.2590,0.0019,0.4664,0.0001,0.040,3.596
1175,564000,795,-0.02,-0.03,0.335,62.50,7.0750,0.0033,-0.3457,0.0001,0.040,3.596
1180,566400,796,-0.05,-0.05,0.326,60.80,7.5160,0.0022,-0.2909,0.0001,0.040,3.595
1185,568800,796,-0.02,-0.02,0.325,60.60,7.2460,0.0030,-0.0898,0.0001,0.040,3.594
1190,571200,796,-0.04,-0.03,0.317,59.10,7.4732,0.0022,-0.3864,0.0001,0.040,3.593
1195,573600,796,-0.00,0.00,0.332,61.90,7.2028,0.0022,-0.5314,0.0001,0.040,3.592
1200,576000,796,-0.04,-0.05,0.324,60.40,7.2724,0.0028,-0.2172,0.0001,0.040,3.591
1205,578400,796,-0.03,-0.03,0.333,62.10,7.3849,0.0030,0.4655,0.0001,0.040,3.590
1210,580800,796,-0.06,-0.07,0.312,58.30,7.1962,0.0020,0.7277,0.0001,0.040,3.589
1215,583200,796,-0.02,-0.02,0.327,61.10,7.4385,0.0031,0.1138,0.0001,0.040,3.588
1220,585600,796,-0.04,-0.04,0.330,61.60,7.2615,0.0028,-0.2469,0.0001,0.040,3.587
1225,588000,796,-0.02,-0.01,0.326,60.80,7.5058,0.0027,-0.1060,0.0001,0.040,3.587
1230,590400,796,-0.05,-0.05,0.320,59.80,7.5620,0.0025,0.3177,0.0001,0.040,3.586
1235,592800,796,-0.05,-0.05,0.320,59.80,7.2505,0.0024,0.3801,0.0001,0.040,3.585
1240,595200,796,-0.04,-0.05,0.321,59.90,7.4829,0.0016,0.0676,0.0001,0.040,3.584
1245,597600,796,-0.04,-0.04,0.328,61.20,7.1886,0.0032,-0.1722,0.0001,0.040,3.583
1250,600000,796,-0.04,-0.03,0.323,60.30,7.6406,0.0029,-0.6484,0.0001,0.040,3.582
1255,602400,796,-0.03,-0.04,0.327,61.00,6.9952,0.0021,-0.2867,0.0001,0.040,3.581
1260,604800,796,-0.02,-0.02,0.322,60.10,7.3971,0.0034,0.3820,0.0001,0.040,3.580
1265,607200,796,-0.03,-0.04,0.314,58.60,7.0586,0.0020,0.1882,0.0001,0.040,3.579
1270,609600,797,-0.04,-0.03,0.324,60.40,7.2393,0.0018,-0.4736,0.0001,0.040,3.579
1275,612000,796,-0.03,-0.03,0.317,59.10,6.9300,0.0016,0.1335,0.0001,0.040,3.578
1280,614400,797,-0.05,-0.04,0.324,60.40,7.0957,0.0025,-0.0328,0.0001,0.040,3.577
1285,616800,797,-0.03,-0.03,0.325,60.60,7.0487,0.0030,0.5519,0.0001,0.040,3.576
1290,619200,797,-0.02,-0.03,0.327,61.10,6.9264,0.0017,-0.0429,0.0001,0.040,3.575
1295,621600,797,-0.02,-0.03,0.336,62.80,6.9451,0.0014,0.2590,0.0001,0.040,3.574
1300,624000,797,-0.04,-0.05,0.328,61.30,7.1570,0.0019,-0.0336,0.0001,0.039,3.573
1305,626400,797,-0.04,-0.05,0.329,61.50,7.2311,0.0018,0.2160,0.0001,0.039,3.572
1310,628800,797,-0.04,-0.05,0.330,61.60,7.0679,0.0019,0.0426,0.0001,0.039,3.571
1315,631200,797,-0.04,-0.05,0.335,62.60,7.3830,0.0017,0.1215,0.0001,0.039,3.571
1320,633600,797,-0.04,-0.04,0.312,58.30,6.8802,0.0023,-0.5565,0.0001,0.039,3.570
1325,636000,797,-0.03,-0.03,0.310,57.90,7.4145,0.0022,-0.0330,0.0001,0.039,3.569
1330,638400,797,-0.04,-0.04,0.323,60.20,6.5340,0.0023,0.2026,0.0001,0.039,3.568
1335,640800,797,-0.02,-0.01,0.329,61.50,7.4010,0.0022,0.1106,0.0001,0.039,3.567
1340,643200,797,-0.01,-0.00,0.316,58.90,6.9676,0.0024,-0.1593,0.0001,0.039,3.566
1345,645600,797,-0.05,-0.05,0.322,60.10,7.3818,0.0011,-0.1713,0.0001,0.039,3.565
1350,648000,797,-0.03,-0.04,0.325,60.60,7.0572,0.0023,-0.0162,0.0001,0.039,3.564
1355,650400,797,-0.04,-0.03,0.320,59.70,7.4790,0.0019,-0.3194,0.0001,0.039,3.563
1360,652800,797,-0.04,-0.04,0.326,60.90,7.3756,0.0010,0.3394,0.0001,0.039,3.563
1365,655200,797,-0.04,-0.04,0.319,59.50,7.1861,0.0017,0.5815,0.0001,0.039,3.562
1370,657600,797,-0.05,-0.05,0.317,59.10,7.3986,0.0021,0.2223,0.0001,0.039,3.561
1375,660000,797,-0.04,-0.03,0.323,60.30,7.3314,0.0015,0.2914,0.0001,0.039,3.560
1380,662400,797,-0.02,-0.02,0.328,61.20,7.4132,0.0019,0.5278,0.0001,0.039,3.559
1385,664800,797,-0.02,-0.02,0.335,62.50,6.9988,0.0017,0.6658,0.0001,0.039,3.558
1390,667200,797,-0.03,-0.02,0.335,62.50,7.3327,0.0016,-0.0693,0.0001,0.039,3.557
1395,669600,797,-0.04,-0.04,0.318,59.30,6.2241,0.0018,-0.0734,0.0001,0.039,3.556
1400,672000,797,-0.04,-0.04,0.326,60.80,6.3322,0.0013,-0.3693,0.0001,0.039,3.555
1405,674400,797,-0.02,-0.02,0.330,61.60,5.9268,0.0021,0.4713,0.0001,0.039,3.555
1410,676800,797,-0.02,0.01,0.318,59.30,5.9159,0.0013,0.2371,0.0001,0.039,3.554
1415,679200,797,-0.03,-0.02,0.325,60.60,5.7531,0.0020,-0.3377,0.0001,0.039,3.553
1420,681600,797,0.01,-0.00,0.329,61.50,5.8882,0.0013,-0.6430,0.0001,0.039,3.552
1425,684000,797,0.03,0.04,0.334,62.30,6.0396,0.0012,-0.2035,0.0001,0.039,3.551
1430,686400,797,0.03,0.03,0.336,62.70,5.9187,0.0034,0.3206,0.0001,0.039,3.550
1435,688800,797,0.01,0.01,0.339,63.20,5.9893,0.0010,0.0736,0.0001,0.039,3.549
1440,691200,797,0.00,0.01,0.334,62.40,6.4501,0.0017,-0.0760,0.0001,0.039,3.548
1445,693600,797,-0.03,-0.03,0.326,60.90,6.5954,0.0013,0.0667,0.0001,0.038,3.547
1450,696000,797,-0.03,-0.02,0.325,60.70,6.7902,0.0018,-0.1961,0.0001,0.038,3.547
1455,698400,797,-0.03,-0.04,0.337,62.90,7.1607,0.0010,-0.5660,0.0001,0.038,3.546
1460,700800,797,-0.03,-0.02,0.330,61.60,6.3774,0.0021,-0.2674,0.0001,0.038,3.545
1465,703200,796,0.00,0.00,0.333,62.20,6.6894,0.0007,-0.0749,0.0001,0.038,3.544
1470,705600,797,-0.02,-0.02,0.329,61.50,6.6247,0.0020,0.1627,0.0001,0.038,3.543
1475,708000,796,-0.03,-0.02,0.321,60.00,6.6322,0.0009,0.1928,0.0001,0.038,3.542
1480,710400,797,-0.01,-0.01,0.333,62.10,6.5784,0.0010,0.0207,0.0001,0.038,3.541
1485,712800,796,-0.00,0.01,0.337,62.90,6.3716,0.0012,-0.0297,0.0001,0.038,3.540
1490,715200,797,0.01,0.00,0.338,63.10,6.3495,0.0017,-0.1463,0.0001,0.038,3.539
1495,717600,796,-0.01,-0.00,0.339,63.30,6.0834,0.0023,-0.0963,0.0001,0.038,3.539
1500,720000,796,-0.00,-0.00,0.332,62.00,6.4558,0.0014,-0.1202,0.0001,0.038,3.538
1505,722400,796,-0.01,-0.00,0.332,61.90,6.1758,0.0014,-0.0566,0.0001,0.038,3.537
1510,724800,797,-0.00,0.00,0.338,63.00,6.4791,0.0012,-0.3608,0.0001,0.038,3.536
1515,727200,796,-0.03,-0.03,0.327,61.10,7.0119,0.0009,-0.5248,0.0001,0.038,3.535
1520,729600,797,-0.02,-0.01,0.328,61.30,6.9179,0.0009,0.1438,0.0001,0.038,3.534
1525,732000,796,-0.02,-0.00,0.326,60.80,7.1705,0.0009,0.1404,0.0001,0.038,3.533
1530,734400,796,-0.03,-0.03,0.339,63.30,6.7358,0.0015,-0.2763,0.0001,0.038,3.532
1535,736800,796,-0.02,-0.03,0.337,62.90,7.0151,0.0013,-0.2650,0.0001,0.038,3.532
1540,739200,797,-0.03,-0.03,0.329,61.40,6.8626,0.0013,-0.3601,0.0001,0.038,3.531
1545,741600,796,-0.02,-0.03,0.331,61.80,6.9300,0.0006,-0.4049,0.0001,0.038,3.530
1550,744000,797,-0.04,-0.03,0.339,63.20,7.0654,0.0008,0.2833,0.0001,0.038,3.529
1555,746400,796,-0.03,-0.03,0.333,62.10,6.9104,0.0012,0.4207,0.0001,0.038,3.528
1560,748800,797,-0.04,-0.03,0.327,61.10,7.1953,0.0012,0.0528,0.0001,0.038,3.527
1565,751200,796,-0.04,-0.03,0.319,59.50,7.0709,0.0021,-0.4346,0.0001,0.038,3.526
1570,753600,796,-0.03,-0.02,0.328,61.30,7.3469,0.0026,-0.4798,0.0001,0.038,3.525
1575,756000,796,-0.03,-0.04,0.331,61.70,7.2296,0.0028,-0.3600,0.0001,0.038,3.524
1580,758400,797,-0.03,-0.03,0.330,61.60,6.9944,0.0012,-0.3661,0.0001,0.037,3.524
1585,760800,796,-0.01,-0.01,0.335,62.60,7.0013,0.0012,0.0307,0.0001,0.037,3.523
1590,763200,797,-0.04,-0.04,0.333,62.20,7.2664,0.0013,0.2206,0.0001,0.037,3.522
1595,765600,796,0.00,0.00,0.328,61.20,6.6849,0.0008,0.1839,0.0001,0.037,3.521
1600,768000,797,-0.03,-0.02,0.329,61.40,7.3296,0.0009,-0.1256,0.0001,0.037,3.520
1605,770400,796,-0.03,-0.02,0.332,61.90,7.0335,0.0006,-0.1486,0.0001,0.037,3.519
1610,772800,797,-0.03,-0.03,0.324,60.40,7.1223,0.0011,0.0924,0.0001,0.037,3.518
1615,775200,797,-0.01,-0.02,0.331,61.80,7.7650,0.0012,-0.2157,0.0001,0.037,3.517
1620,777600,797,-0.02,-0.02,0.328,61.30,6.6931,0.0011,-0.1874,0.0001,0.037,3.517
1625,780000,797,-0.05,-0.05,0.334,62.30,7.4213,0.0012,0.1189,0.0001,0.037,3.516
1630,782400,797,-0.05,-0.05,0.329,61.40,6.8841,0.0018,0.1508,0.0001,0.037,3.515
1635,784800,797,0.00,-0.00,0.335,62.50,6.7246,0.0011,0.3666,0.0001,0.037,3.514
1640,787200,797,-0.02,-0.00,0.335,62.50,7.3860,0.0017,0.3380,0.0001,0.037,3.513
1645,789600,797,-0.02,-0.03,0.338,63.10,6.4167,0.0011,0.2449,0.0001,0.037,3.512
1650,792000,797,-0.03,-0.04,0.344,64.20,6.5820,0.0009,0.3781,0.0001,0.037,3.511
1655,794400,797,-0.04,-0.05,0.327,61.00,6.4095,0.0013,-0.1884,0.0001,0.037,3.510
1660,796800,797,-0.02,-0.02,0.335,62.50,6.1772,0.0023,-0.7764,0.0001,0.037,3.510
1665,799200,797,-0.03,-0.03,0.329,61.40,6.8900,0.0008,-0.4372,0.0001,0.037,3.509
1670,801600,797,-0.03,-0.03,0.325,60.70,6.6958,0.0006,-0.0533,0.0001,0.037,3.508
1675,804000,797,-0.02,-0.01,0.324,60.40,7.1047,0.0010,0.1730,0.0001,0.037,3.507
1680,806400,797,-0.05,-0.05,0.323,60.30,7.0796,0.0008,0.3087,0.0001,0.037,3.506
1685,808800,797,-0.02,-0.01,0.330,61.60,6.8435,0.0010,0.0870,0.0001,0.037,3.505
1690,811200,797,-0.04,-0.03,0.327,61.10,6.7986,0.0008,-0.7250,0.0001,0.037,3.504
1695,813600,797,-0.02,-0.02,0.336,62.80,6.7404,0.0008,-0.4510,0.0001,0.037,3.503
1700,816000,797,-0.02,-0.03,0.337,62.90,6.8205,0.0008,-0.1735,0.0001,0.037,3.503
1705,818400,797,-0.03,-0.03,0.331,61.80,7.0576,0.0008,-0.1352,0.0001,0.037,3.502
1710,820800,797,-0.03,-0.04,0.334,62.30,7.4371,0.0005,0.0081,0.0001,0.037,3.501
1715,823200,797,-0.03,-0.02,0.328,61.20,6.7800,0.0009,0.0731,0.0001,0.037,3.500
1720,825600,798,-0.04,-0.05,0.328,61.30,7.4399,0.0007,-0.0646,0.0001,0.037,3.499
1725,828000,797,-0.01,-0.02,0.333,62.10,6.9038,0.0010,-0.4008,0.0001,0.037,3.498
1730,830400,798,-0.01,-0.02,0.333,62.20,7.2554,0.0010,-0.6019,0.0001,0.036,3.497
1735,832800,797,-0.02,-0.02,0.324,60.50,7.4648,0.0007,0.0559,0.0001,0.036,3.496
1740,835200,798,-0.03,-0.02,0.336,62.80,6.7407,0.0008,0.1341,0.0001,0.036,3.496
1745,837600,798,-0.02,-0.02,0.332,62.00,7.6102,0.0007,-0.0871,0.0001,0.036,3.495
1750,840000,798,-0.01,-0.02,0.339,63.30,6.9842,0.0011,0.3044,0.0001,0.036,3.494
1755,842400,798,-0.01,-0.01,0.349,65.10,6.9437,0.0011,0.2494,0.0001,0.036,3.493
1760,844800,798,-0.04,-0.02,0.338,63.00,7.2272,0.0006,0.1897,0.0001,0.036,3.492
1765,847200,798,-0.02,-0.03,0.332,62.00,7.0547,0.0013,-0.0470,0.0001,0.036,3.491
1770,849600,798,-0.03,-0.04,0.332,62.00,6.8552,0.0011,-0.4022,0.0001,0.036,3.490
1775,852000,798,-0.00,-0.01,0.325,60.60,7.4054,0.0010,-0.3384,0.0001,0.036,3.489
1780,854400,798,-0.04,-0.05,0.326,60.80,7.0793,0.0011,-0.0839,0.0001,0.036,3.489
1785,856800,798,-0.02,-0.03,0.332,61.90,7.0830,0.0040,0.1080,0.0001,0.036,3.488
1790,859200,798,-0.02,-0.02,0.333,62.10,7.4343,0.0010,-0.6744,0.0001,0.036,3.487
1795,861600,798,-0.05,-0.05,0.313,58.40,7.3593,0.0004,-0.1827,0.0001,0.036,3.486
1800,864000,798,-0.03,-0.03,0.315,58.80,7.3987,0.0006,-0.4535,0.0001,0.036,3.485
1805,866400,798,-0.03,-0.03,0.331,61.80,6.7085,0.0006,-0.2537,0.0001,0.036,3.484
1810,868800,798,-0.02,-0.03,0.327,61.00,7.2530,0.0011,-0.5766,0.0001,0.036,3.483
1815,871200,798,-0.05,-0.06,0.319,59.60,7.0287,0.0011,-0.4773,0.0001,0.036,3.482
1820,873600,798,-0.04,-0.04,0.332,62.00,6.9417,0.0012,-0.1757,0.0001,0.036,3.482
1825,876000,798,-0.02,-0.02,0.331,61.70,7.0145,0.0007,0.4497,0.0001,0.036,3.481
1830,878400,798,-0.03,-0.04,0.329,61.50,7.1320,0.0009,0.2583,0.0001,0.036,3.480
1835,880800,798,-0.03,-0.03,0.326,60.90,7.2304,0.0005,0.2107,0.0001,0.036,3.479
1840,883200,798,-0.02,-0.00,0.330,61.60,7.5348,0.0007,0.0840,0.0001,0.036,3.478
1845,885600,798,-0.02,-0.01,0.344,64.30,6.8983,0.0007,-0.3093,0.0001,0.036,3.477
1850,888000,798,-0.02,-0.02,0.319,59.60,7.5699,0.0007,-0.4525,0.0001,0.036,3.476
1855,890400,798,-0.02,-0.02,0.329,61.50,7.2854,0.0008,-0.0922,0.0001,0.036,3.475
1860,892800,798,-0.03,-0.04,0.334,62.30,7.1738,0.0008,0.5783,0.0001,0.036,3.475
1865,895200,798,-0.02,-0.03,0.328,61.20,7.3808,0.0006,0.0853,0.0001,0.036,3.474
1870,897600,798,0.00,0.01,0.335,62.50,6.9966,0.0009,0.7725,0.0001,0.035,3.473
1875,900000,798,-0.04,-0.06,0.323,60.20,7.3966,0.0011,0.2780,0.0001,0.035,3.472
1880,902400,798,-0.03,-0.03,0.334,62.30,7.0888,0.0006,-0.4426,0.0001,0.035,3.471
1885,904800,798,-0.03,-0.04,0.337,62.90,7.0512,0.0004,0.2254,0.0001,0.035,3.470
1890,907200,798,-0.03,-0.03,0.325,60.60,6.9693,0.0005,-0.0809,0.0001,0.035,3.469
1895,909600,798,-0.02,-0.02,0.334,62.40,6.4426,0.0006,0.1079,0.0001,0.035,3.469
1900,912000,798,-0.03,-0.03,0.323,60.20,7.0207,0.0008,0.3210,0.0001,0.035,3.468
1905,914400,798,-0.04,-0.04,0.321,59.90,6.9661,0.0007,0.2247,0.0001,0.035,3.467
1910,916800,798,-0.02,-0.01,0.317,59.20,6.9135,0.0007,-0.0138,0.0001,0.035,3.466
1915,919200,798,-0.01,-0.01,0.331,61.80,7.1344,0.0007,0.8591,0.0001,0.035,3.465
1920,921600,798,-0.04,-0.05,0.315,58.80,7.1210,0.0010,0.3925,0.0001,0.035,3.464
1925,924000,798,-0.06,-0.04,0.313,58.50,7.3199,0.0011,-0.4990,0.0001,0.035,3.463
1930,926400,798,-0.03,-0.03,0.335,62.50,7.3346,0.0006,-0.3450,0.0001,0.035,3.462
1935,928800,798,-0.02,-0.02,0.326,60.90,7.3799,0.0007,0.0502,0.0001,0.035,3.462
1940,931200,798,-0.01,-0.00,0.328,61.20,7.4419,0.0005,-0.6167,0.0001,0.035,3.461
1945,933600,797,-0.02,-0.03,0.331,61.80,7.3589,0.0005,0.3933,0.0001,0.035,3.460
1950,936000,797,-0.03,-0.03,0.335,62.60,6.8857,0.0005,-0.1494,0.0001,0.035,3.459
1955,938400,797,-0.02,-0.02,0.335,62.50,7.2434,0.0007,-0.6041,0.0001,0.035,3.458
1960,940800,797,-0.03,-0.03,0.328,61.20,7.2915,0.0004,-0.2088,0.0001,0.035,3.457
1965,943200,797,-0.02,-0.02,0.324,60.50,7.0558,0.0011,-0.0081,0.0001,0.035,3.456
1970,945600,797,-0.04,-0.02,0.324,60.50,7.4538,0.0008,-0.3984,0.0001,0.035,3.456
1975,948000,797,-0.01,-0.01,0.333,62.20,7.2995,0.0004,-0.0999,0.0001,0.035,3.455
1980,950400,797,-0.04,-0.03,0.326,60.90,7.4225,0.0005,-0.0310,0.0001,0.035,3.454
1985,952800,797,-0.03,-0.04,0.332,61.90,6.9404,0.0006,0.0672,0.0001,0.035,3.453
1990,955200,797,-0.03,-0.04,0.326,60.80,7.2159,0.0005,-0.8509,0.0001,0.035,3.452
1995,957600,797,-0.02,-0.03,0.325,60.60,7.4803,0.0004,0.0087,0.0001,0.035,3.451
2000,960000,797,-0.01,-0.01,0.322,60.10,7.1185,0.0005,0.0448,0.0001,0.035,3.450
2005,962400,797,-0.03,-0.04,0.328,61.20,7.3634,0.0004,0.2445,0.0001,0.035,3.450
2010,964800,797,-0.04,-0.04,0.321,60.00,7.1133,0.0003,-0.0978,0.0001,0.035,3.449
2015,967200,797,-0.01,-0.01,0.328,61.20,7.2638,0.0003,-0.1737,0.0001,0.035,3.448
2020,969600,797,-0.02,-0.02,0.331,61.70,7.3683,0.0003,-0.4631,0.0001,0.034,3.447
2025,972000,797,-0.02,-0.03,0.332,62.00,7.0183,0.0005,-0.6027,0.0001,0.034,3.446
2030,974400,797,-0.03,-0.03,0.340,63.50,7.3751,0.0004,-0.4102,0.0001,0.034,3.445
2035,976800,797,-0.02,-0.03,0.337,62.90,7.3122,0.0006,-0.2047,0.0001,0.034,3.444
2040,979200,797,-0.03,-0.03,0.327,61.10,7.0993,0.0005,0.0249,0.0001,0.034,3.444
2045,981600,797,-0.05,-0.05,0.327,61.10,7.4571,0.0006,0.4474,0.0001,0.034,3.443
2050,984000,797,-0.04,-0.04,0.323,60.30,6.7255,0.0007,0.4828,0.0001,0.034,3.442
2055,986400,797,-0.07,-0.05,0.319,59.60,7.4813,0.0005,0.2833,0.0001,0.034,3.441
2060,988800,797,-0.05,-0.06,0.321,59.90,7.1207,0.0007,0.4220,0.0001,0.034,3.440
2065,991200,797,-0.02,-0.02,0.326,60.90,7.4543,0.0006,0.1560,0.0001,0.034,3.439
2070,993600,798,-0.03,-0.02,0.327,61.10,7.2671,0.0004,-0.2775,0.0001,0.034,3.438
2075,996000,797,-0.02,-0.01,0.326,60.90,7.3226,0.0012,-0.7440,0.0001,0.034,3.437
2080,998400,798,-0.03,-0.03,0.323,60.30,7.1315,0.0003,-0.4281,0.0001,0.034,3.437
2085,1000800,797,-0.02,-0.01,0.325,60.70,7.0244,0.0005,-0.8086,0.0001,0.034,3.436
2090,1003200,798,-0.03,-0.03,0.330,61.60,6.9380,0.0006,-0.0209,0.0001,0.034,3.435
2095,1005600,798,-0.01,-0.01,0.333,62.20,7.0174,0.0004,-0.2454,0.0001,0.034,3.434
2100,1008000,798,-0.04,-0.04,0.319,59.50,7.0185,0.0004,0.0171,0.0001,0.034,3.433
2105,1010400,798,-0.03,-0.03,0.333,62.10,6.9973,0.0006,-0.4600,0.0001,0.034,3.432
2110,1012800,798,-0.03,-0.02,0.332,62.00,6.9276,0.0007,0.3437,0.0001,0.034,3.431
2115,1015200,798,-0.01,-0.01,0.327,61.00,7.3673,0.0011,0.3606,0.0001,0.034,3.431
2120,1017600,798,-0.01,-0.01,0.324,60.40,6.8812,0.0004,0.1043,0.0001,0.034,3.430
2125,1020000,798,-0.01,-0.01,0.326,60.90,7.3322,0.0004,0.3190,0.0001,0.034,3.429
2130,1022400,798,-0.04,-0.05,0.323,60.20,7.0032,0.0004,-0.0085,0.0001,0.034,3.428
2135,1024800,798,-0.02,-0.02,0.319,59.50,7.1149,0.0004,-0.0567,0.0001,0.034,3.427
2140,1027200,798,-0.03,-0.02,0.321,59.90,7.1900,0.0005,-0.0448,0.0001,0.034,3.426
2145,1029600,798,-0.02,-0.01,0.319,59.50,7.2705,0.0003,0.1209,0.0001,0.034,3.425
2150,1032000,798,-0.03,-0.03,0.317,59.10,6.8224,0.0004,0.0218,0.0001,0.034,3.425
2155,1034400,798,-0.03,-0.05,0.316,59.00,7.1832,0.0006,-0.1892,0.0001,0.034,3.424
2160,1036800,798,-0.03,-0.02,0.324,60.50,6.5979,0.0007,0.1782,0.0001,0.034,3.423
2165,1039200,798,-0.03,-0.02,0.326,60.80,6.8839,0.0006,-0.2923,0.0001,0.034,3.422
2170,1041600,798,-0.03,-0.01,0.318,59.40,6.8503,0.0004,-0.4883,0.0001,0.033,3.421
2175,1044000,798,-0.05,-0.04,0.321,59.90,7.0604,0.0006,-0.7389,0.0001,0.033,3.420
2180,1046400,798,-0.02,-0.02,0.326,60.90,7.0209,0.0007,-0.2380,0.0001,0.033,3.419
2185,1048800,798,-0.02,-0.02,0.323,60.20,7.3762,0.0006,-0.3513,0.0001,0.033,3.419
2190,1051200,798,-0.02,-0.01,0.327,61.10,7.0752,0.0006,0.1496,0.0001,0.033,3.418
2195,1053600,798,-0.01,-0.01,0.335,62.50,7.2950,0.0004,-0.1743,0.0001,0.033,3.417
2200,1056000,798,-0.01,-0.02,0.323,60.20,7.0901,0.0004,0.3112,0.0001,0.033,3.416
2205,1058400,798,0.00,-0.00,0.332,62.00,7.1626,0.0005,0.2797,0.0001,0.033,3.415
2210,1060800,798,-0.02,-0.02,0.330,61.60,7.2242,0.0009,0.2802,0.0001,0.033,3.414
2215,1063200,797,-0.02,-0.01,0.319,59.60,6.8991,0.0010,0.1426,0.0001,0.033,3.414
2220,1065600,798,-0.00,0.01,0.326,60.90,7.2105,0.0006,0.5444,0.0001,0.033,3.413
2225,1068000,798,-0.01,-0.01,0.319,59.60,7.0268,0.0005,0.1713,0.0001,0.033,3.412
2230,1070400,798,-0.04,-0.04,0.326,60.80,7.1557,0.0006,0.0853,0.0001,0.033,3.411
2235,1072800,798,-0.02,-0.02,0.336,62.70,7.1703,0.0005,-0.5501,0.0001,0.033,3.410
2240,1075200,798,0.01,0.01,0.342,63.90,7.1184,0.0004,-0.6705,0.0001,0.033,3.409
2245,1077600,798,-0.03,-0.02,0.332,61.90,7.3600,0.0004,-0.3030,0.0001,0.033,3.408
2250,1080000,798,-0.03,-0.04,0.328,61.30,7.1495,0.0005,-0.4829,0.0001,0.033,3.408
2255,1082400,798,-0.02,-0.01,0.323,60.30,7.2512,0.0005,-0.2981,0.0001,0.033,3.407
2260,1084800,798,-0.02,-0.02,0.331,61.80,7.0883,0.0005,-0.1878,0.0001,0.033,3.406
2265,1087200,798,-0.04,-0.03,0.333,62.10,7.2101,0.0008,0.1786,0.0001,0.033,3.405
2270,1089600,798,-0.00,0.01,0.331,61.70,7.0984,0.0004,0.0060,0.0001,0.033,3.404
2275,1092000,798,-0.00,-0.00,0.331,61.80,7.3065,0.0003,0.5595,0.0001,0.033,3.403
2280,1094400,798,-0.02,-0.01,0.323,60.30,7.3045,0.0005,0.5446,0.0001,0.033,3.402
2285,1096800,798,-0.03,-0.03,0.335,62.50,7.0440,0.0003,0.2822,0.0001,0.033,3.402
2290,1099200,798,-0.01,-0.00,0.329,61.50,6.9932,0.0003,-0.1548,0.0001,0.033,3.401
2295,1101600,798,-0.02,-0.02,0.328,61.20,7.2116,0.0002,-0.0782,0.0001,0.033,3.400
2300,1104000,798,-0.03,-0.02,0.321,59.90,7.2510,0.0002,-0.0844,0.0001,0.033,3.399
2305,1106400,798,-0.01,-0.02,0.327,61.10,6.9458,0.0003,-0.2028,0.0001,0.033,3.398
2310,1108800,798,0.01,0.00,0.338,63.00,7.0413,0.0004,0.5397,0.0001,0.033,3.397
2315,1111200,798,-0.04,-0.03,0.333,62.20,7.2284,0.0002,0.0653,0.0001,0.033,3.397
2320,1113600,798,-0.03,-0.04,0.325,60.60,6.9929,0.0003,-0.2719,0.0001,0.032,3.396
2325,1116000,798,-0.03,-0.04,0.319,59.60,7.4013,0.0003,0.2059,0.0001,0.032,3.395
2330,1118400,798,-0.00,-0.00,0.329,61.50,6.6852,0.0002,-0.2234,0.0001,0.032,3.394
2335,1120800,798,-0.02,-0.03,0.332,62.00,7.0974,0.0002,0.0080,0.0001,0.032,3.393
2340,1123200,798,-0.02,-0.02,0.319,59.60,6.8640,0.0002,-0.3000,0.0001,0.032,3.392
2345,1125600,798,-0.00,-0.01,0.330,61.60,6.8956,0.0016,0.2774,0.0001,0.032,3.391
2350,1128000,798,0.01,0.01,0.340,63.50,6.8594,0.0005,-0.4879,0.0001,0.032,3.391
2355,1130400,798,-0.02,-0.03,0.332,61.90,7.0505,0.0004,-0.4120,0.0001,0.032,3.390
2360,1132800,798,-0.02,-0.02,0.325,60.60,7.0428,0.0004,-0.1204,0.0001,0.032,3.389
2365,1135200,798,-0.02,-0.02,0.334,62.40,6.3983,0.0005,-0.6075,0.0001,0.032,3.388
2370,1137600,798,-0.02,-0.03,0.333,62.20,6.9484,0.0005,-0.5659,0.0001,0.032,3.387
2375,1140000,798,0.00,0.00,0.334,62.30,6.2083,0.0005,-0.3664,0.0001,0.032,3.386
2380,1142400,798,0.01,0.00,0.334,62.40,6.8282,0.0003,-0.2554,0.0001,0.032,3.385
2385,1144800,798,-0.00,0.00,0.326,60.90,6.5907,0.0004,-0.2463,0.0001,0.032,3.385
2390,1147200,798,-0.02,-0.02,0.330,61.60,6.8299,0.0004,0.0117,0.0001,0.032,3.384
2395,1149600,798,-0.00,-0.01,0.333,62.10,6.8637,0.0007,-0.1061,0.0001,0.032,3.383
2400,1152000,798,-0.01,-0.02,0.338,63.00,6.9492,0.0008,-0.0861,0.0001,0.032,3.382
2405,1154400,798,0.00,0.00,0.333,62.10,7.1327,0.0003,-0.1109,0.0001,0.032,3.381
2410,1156800,798,-0.01,-0.01,0.340,63.50,7.3775,0.0003,-0.3515,0.0001,0.032,3.380
2415,1159200,798,-0.02,-0.01,0.330,61.60,7.0485,0.0003,-0.3142,0.0001,0.032,3.380
2420,1161600,799,-0.01,-0.00,0.341,63.70,7.2338,0.0005,0.0886,0.0001,0.032,3.379
2425,1164000,798,-0.00,-0.01,0.330,61.60,7.2277,0.0003,-0.1885,0.0001,0.032,3.378
2430,1166400,799,-0.02,-0.03,0.332,61.90,7.0167,0.0004,0.5127,0.0001,0.032,3.377
2435,1168800,798,-0.01,0.00,0.338,63.00,7.4477,0.0002,-0.3032,0.0001,0.032,3.376
2440,1171200,799,-0.03,-0.02,0.334,62.30,6.8332,0.0002,-0.1964,0.0001,0.032,3.375
2445,1173600,799,-0.03,-0.04,0.321,60.00,7.2837,0.0002,0.2479,0.0001,0.032,3.375
2450,1176000,799,0.01,0.00,0.336,62.70,6.7006,0.0005,-0.5137,0.0001,0.032,3.374
2455,1178400,798,-0.01,-0.00,0.321,59.90,7.1435,0.0004,-0.0827,0.0001,0.032,3.373
2460,1180800,799,0.00,0.01,0.320,59.70,6.9279,0.0009,-0.1940,0.0001,0.032,3.372
2465,1183200,799,-0.02,-0.02,0.315,58.80,7.2309,0.0004,-0.0256,0.0001,0.032,3.371
2470,1185600,799,-0.03,-0.03,0.319,59.50,6.8343,0.0004,-0.3058,0.0001,0.032,3.370
2475,1188000,799,-0.02,-0.02,0.321,59.90,7.3584,0.0004,0.1621,0.0001,0.031,3.369
2480,1190400,799,-0.00,0.00,0.317,59.10,7.0377,0.0006,0.6469,0.0001,0.031,3.369
2485,1192800,799,-0.02,-0.02,0.319,59.50,7.1797,0.0005,0.6380,0.0001,0.031,3.368
2490,1195200,799,-0.03,-0.04,0.317,59.10,7.1634,0.0004,0.3331,0.0001,0.031,3.367
2495,1197600,799,-0.01,-0.01,0.325,60.60,7.2481,0.0003,0.1530,0.0001,0.031,3.366
2500,1200000,799,-0.03,-0.03,0.329,61.50,7.0133,0.0006,-0.3117,0.0001,0.031,3.365
2505,1202400,799,-0.03,-0.04,0.338,63.00,7.0183,0.0005,0.1445,0.0001,0.031,3.364
2510,1204800,799,-0.03,-0.04,0.323,60.30,6.8392,0.0010,-0.2518,0.0001,0.031,3.364
2515,1207200,799,-0.02,-0.03,0.328,61.20,7.0367,0.0004,-0.2892,0.0001,0.031,3.363
2520,1209600,799,-0.00,-0.01,0.332,62.00,7.2601,0.0010,-0.4962,0.0001,0.031,3.362
2525,1212000,799,-0.02,-0.03,0.333,62.20,6.9446,0.0010,-0.5971,0.0001,0.031,3.361
2530,1214400,799,-0.03,-0.03,0.334,62.40,7.3273,0.0007,-0.8706,0.0001,0.031,3.360
2535,1216800,799,-0.03,-0.03,0.320,59.80,6.8982,0.0004,-0.4077,0.0001,0.031,3.359
2540,1219200,799,-0.04,-0.06,0.326,60.80,7.1959,0.0002,-0.3696,0.0001,0.031,3.359
2545,1221600,799,-0.02,-0.02,0.323,60.20,7.3723,0.0004,0.0175,0.0001,0.031,3.358
2550,1224000,799,-0.03,-0.03,0.324,60.50,7.0354,0.0002,0.0236,0.0001,0.031,3.357
2555,1226400,799,-0.02,-0.02,0.335,62.50,7.2893,0.0002,0.1526,0.0001,0.031,3.356
2560,1228800,799,-0.04,-0.04,0.321,60.00,7.0770,0.0003,0.8699,0.0001,0.031,3.355
2565,1231200,799,-0.02,-0.03,0.323,60.20,7.5886,0.0003,0.4371,0.0001,0.031,3.354
2570,1233600,799,0.00,0.01,0.339,63.30,7.3287,0.0002,-0.1451,0.0001,0.031,3.353
2575,1236000,799,-0.01,-0.01,0.332,61.90,7.3142,0.0002,-0.0986,0.0001,0.031,3.353
2580,1238400,799,-0.04,-0.05,0.324,60.50,7.4107,0.0002,0.0021,0.0001,0.031,3.352
2585,1240800,799,-0.03,-0.03,0.337,62.90,7.2860,0.0002,-0.4591,0.0001,0.031,3.351
2590,1243200,799,-0.03,-0.03,0.334,62.40,7.6026,0.0002,-0.0721,0.0001,0.031,3.350
2595,1245600,799,-0.04,-0.03,0.326,60.90,7.1207,0.0001,0.0502,0.0001,0.031,3.349
2600,1248000,799,-0.01,0.01,0.339,63.30,7.5891,0.0004,-0.2365,0.0001,0.031,3.348
2605,1250400,799,-0.02,-0.01,0.326,60.90,7.1133,0.0003,0.0008,0.0001,0.031,3.348
2610,1252800,799,-0.01,-0.01,0.319,59.50,7.0646,0.0002,-0.2891,0.0001,0.031,3.347
2615,1255200,799,-0.00,-0.01,0.330,61.60,7.0946,0.0002,-0.3892,0.0001,0.031,3.346
2620,1257600,799,-0.02,-0.01,0.328,61.30,7.1478,0.0003,-0.6782,0.0001,0.031,3.345
2625,1260000,799,-0.04,-0.04,0.315,58.80,7.2431,0.0003,-0.7061,0.0001,0.031,3.344
2630,1262400,799,-0.04,-0.03,0.320,59.70,7.2683,0.0003,-0.3430,0.0001,0.031,3.343
2635,1264800,799,-0.03,-0.04,0.320,59.70,7.3621,0.0004,-0.5067,0.0001,0.031,3.343
2640,1267200,799,-0.05,-0.06,0.326,60.90,7.2376,0.0003,-0.4015,0.0001,0.030,3.342
2645,1269600,799,-0.02,-0.03,0.325,60.70,7.0886,0.0005,0.3065,0.0001,0.030,3.341
2650,1272000,799,-0.01,-0.01,0.328,61.20,7.1693,0.0004,0.7728,0.0001,0.030,3.340
2655,1274400,799,-0.02,-0.01,0.336,62.80,7.3950,0.0003,0.2249,0.0001,0.030,3.339
2660,1276800,799,-0.04,-0.04,0.327,61.10,7.0876,0.0003,0.1956,0.0001,0.030,3.338
2665,1279200,799,-0.02,-0.02,0.328,61.30,7.4652,0.0002,0.1347,0.0001,0.030,3.338
2670,1281600,799,-0.02,-0.02,0.323,60.30,7.0270,0.0004,-0.0040,0.0001,0.030,3.337
2675,1284000,799,-0.03,-0.03,0.322,60.10,7.6073,0.0002,-0.1445,0.0001,0.030,3.336
2680,1286400,799,-0.02,-0.02,0.319,59.50,7.1216,0.0005,-0.3525,0.0001,0.030,3.335
2685,1288800,799,-0.00,-0.01,0.329,61.40,7.4778,0.0003,-0.1732,0.0001,0.030,3.334
2690,1291200,799,-0.02,-0.02,0.323,60.30,7.0187,0.0006,-0.2236,0.0001,0.030,3.333
2695,1293600,799,-0.01,-0.01,0.324,60.50,7.3156,0.0003,0.2227,0.0001,0.030,3.333
2700,1296000,799,-0.00,-0.01,0.329,61.50,6.8753,0.0003,0.2582,0.0001,0.030,3.332
2705,1298400,799,-0.01,0.01,0.333,62.10,7.3389,0.0004,0.1312,0.0001,0.030,3.331
2710,1300800,799,-0.02,-0.02,0.325,60.70,7.2476,0.0003,-0.1911,0.0001,0.030,3.330
2715,1303200,799,-0.02,-0.01,0.337,62.90,6.9812,0.0013,0.4018,0.0001,0.030,3.329
2720,1305600,799,-0.04,-0.04,0.322,60.10,7.4141,0.0004,0.1194,0.0001,0.030,3.328
2725,1308000,799,-0.03,-0.04,0.313,58.40,7.2078,0.0003,-0.6858,0.0001,0.030,3.328
2730,1310400,799,-0.04,-0.04,0.318,59.30,7.3831,0.0003,-0.6321,0.0001,0.030,3.327
2735,1312800,799,-0.03,-0.03,0.326,60.80,7.2379,0.0004,-0.6392,0.0001,0.030,3.326
2740,1315200,799,-0.00,-0.02,0.343,64.10,7.1837,0.0004,-0.6543,0.0001,0.030,3.325
2745,1317600,799,0.00,0.01,0.329,61.40,7.3759,0.0002,-0.0952,0.0001,0.030,3.324
2750,1320000,799,-0.00,-0.01,0.326,60.80,7.1073,0.0002,-0.0681,0.0001,0.030,3.323
2755,1322400,799,-0.01,-0.00,0.325,60.60,7.0702,0.0001,-0.2758,0.0001,0.030,3.323
2760,1324800,799,-0.01,0.01,0.336,62.80,7.0973,0.0003,-0.0354,0.0001,0.030,3.322
2765,1327200,799,-0.01,-0.02,0.339,63.20,6.8348,0.0002,-0.0284,0.0001,0.030,3.321
2770,1329600,799,-0.02,-0.02,0.328,61.30,6.8603,0.0002,-0.0096,0.0001,0.030,3.320
2775,1332000,799,-0.00,-0.00,0.338,63.00,6.9449,0.0002,-0.3451,0.0001,0.030,3.319
2780,1334400,799,0.00,-0.00,0.327,61.00,7.2071,0.0004,-0.4742,0.0001,0.030,3.318
2785,1336800,799,-0.03,-0.04,0.325,60.70,7.0765,0.0009,0.0880,0.0001,0.030,3.318
2790,1339200,799,-0.04,-0.04,0.319,59.50,7.1266,0.0002,-0.3519,0.0001,0.030,3.317
2795,1341600,799,-0.03,-0.03,0.313,58.40,7.3213,0.0003,0.1891,0.0001,0.030,3.316
2800,1344000,799,-0.03,-0.03,0.333,62.20,7.1742,0.0002,0.2160,0.0001,0.029,3.315
2805,1346400,799,-0.04,-0.04,0.325,60.60,6.9183,0.0002,-0.1046,0.0001,0.029,3.314
2810,1348800,799,-0.03,-0.04,0.324,60.40,7.0855,0.0005,-0.0267,0.0001,0.029,3.313
2815,1351200,798,0.00,0.00,0.330,61.60,7.0789,0.0003,-0.1332,0.0001,0.029,3.313
2820,1353600,798,-0.01,-0.01,0.319,59.60,7.2198,0.0002,0.0944,0.0001,0.029,3.312
2825,1356000,798,-0.02,-0.03,0.317,59.10,7.1711,0.0003,0.0412,0.0001,0.029,3.311
2830,1358400,798,-0.02,-0.01,0.321,59.90,6.8509,0.0004,-0.1555,0.0001,0.029,3.310
2835,1360800,798,0.00,-0.00,0.326,60.80,7.1686,0.0002,0.2266,0.0001,0.029,3.309
2840,1363200,798,-0.01,-0.01,0.322,60.10,7.1857,0.0002,-0.0614,0.0001,0.029,3.309
2845,1365600,798,-0.02,-0.01,0.328,61.20,7.0130,0.0002,0.1831,0.0001,0.029,3.308
2850,1368000,798,-0.04,-0.03,0.318,59.30,7.5627,0.0002,0.1119,0.0001,0.029,3.307
2855,1370400,798,-0.02,-0.02,0.320,59.70,6.9670,0.0003,-0.6718,0.0001,0.029,3.306
2860,1372800,798,-0.05,-0.06,0.319,59.60,7.0748,0.0004,-0.4376,0.0001,0.029,3.305
2865,1375200,798,-0.01,-0.01,0.325,60.70,6.7365,0.0003,-0.4998,0.0001,0.029,3.304
2870,1377600,798,-0.04,-0.03,0.332,62.00,7.1339,0.0002,-0.5711,0.0001,0.029,3.304
2875,1380000,798,-0.04,-0.03,0.323,60.30,6.9422,0.0002,-0.6422,0.0001,0.029,3.303
2880,1382400,798,-0.03,-0.03,0.321,59.90,6.9972,0.0003,-0.0179,0.0001,0.029,3.302
2885,1384800,797,-0.00,-0.01,0.324,60.40,6.8547,0.0002,-0.2840,0.0001,0.029,3.301
2890,1387200,798,-0.03,-0.03,0.319,59.50,6.8577,0.0003,-0.3749,0.0001,0.029,3.300
2895,1389600,797,-0.01,-0.00,0.335,62.50,7.0538,0.0005,0.1891,0.0001,0.029,3.299
2900,1392000,798,-0.01,-0.01,0.332,61.90,6.7730,0.0004,0.0864,0.0001,0.029,3.299
2905,1394400,797,0.01,0.00,0.347,64.80,6.6864,0.0006,0.0338,0.0001,0.029,3.298
2910,1396800,797,-0.00,-0.01,0.328,61.20,6.9822,0.0004,-0.2419,0.0001,0.029,3.297
2915,1399200,797,0.01,0.02,0.328,61.20,7.0791,0.0004,-0.0217,0.0001,0.029,3.296
2920,1401600,797,0.01,0.01,0.326,60.80,6.8414,0.0003,-0.0804,0.0001,0.029,3.295
2925,1404000,797,0.01,-0.01,0.335,62.60,7.2609,0.0005,-0.3531,0.0001,0.029,3.294
2930,1406400,797,0.01,-0.00,0.334,62.30,6.5454,0.0004,0.3110,0.0001,0.029,3.294
2935,1408800,797,-0.02,-0.02,0.327,61.10,7.2916,0.0002,0.1089,0.0001,0.029,3.293
2940,1411200,797,-0.00,0.01,0.323,60.20,6.9559,0.0002,0.5076,0.0001,0.029,3.292
2945,1413600,797,-0.01,-0.01,0.317,59.20,7.4353,0.0002,0.2228,0.0001,0.029,3.291
2950,1416000,797,-0.02,-0.02,0.324,60.50,7.0086,0.0003,0.1678,0.0001,0.029,3.290
2955,1418400,797,-0.01,-0.01,0.325,60.60,7.4161,0.0008,0.1421,0.0001,0.029,3.290
2960,1420800,797,0.02,0.02,0.332,61.90,7.0107,0.0004,-0.2155,0.0001,0.029,3.289
2965,1423200,797,0.00,0.00,0.327,61.10,6.9747,0.0002,0.1288,0.0001,0.028,3.288
2970,1425600,797,0.00,-0.00,0.324,60.40,6.7915,0.0005,-0.1988,0.0001,0.028,3.287
2975,1428000,797,0.04,0.05,0.336,62.80,5.2975,0.0013,-0.5285,0.0001,0.028,3.286
2980,1430400,797,0.06,0.08,0.342,63.80,6.2587,0.0008,-0.0177,0.0001,0.028,3.285
2985,1432800,797,0.02,0.02,0.339,63.20,6.6056,0.0002,-0.0636,0.0001,0.028,3.285
2990,1435200,797,-0.02,-0.02,0.325,60.70,7.3879,0.0006,-0.0771,0.0001,0.028,3.284
2995,1437600,797,-0.00,-0.00,0.334,62.40,7.1619,0.0009,-0.0004,0.0001,0.028,3.283
3000,1440000,797,-0.00,-0.00,0.336,62.70,6.6924,0.0007,-0.0654,0.0001,0.028,3.282
3005,1442400,797,-0.02,-0.03,0.333,62.10,7.4003,0.0008,-0.1505,0.0001,0.028,3.281
3010,1444800,797,-0.02,-0.02,0.321,60.00,7.0644,0.0003,-0.5123,0.0001,0.028,3.281
3015,1447200,797,-0.01,-0.00,0.325,60.70,7.3135,0.0005,-0.1728,0.0001,0.028,3.280
3020,1449600,797,-0.05,-0.04,0.320,59.70,7.1260,0.0004,-0.4664,0.0001,0.028,3.279
3025,1452000,797,-0.01,-0.02,0.343,64.00,6.8307,0.0003,-0.2220,0.0001,0.028,3.278
3030,1454400,797,-0.02,-0.01,0.330,61.60,7.3225,0.0002,0.3001,0.0001,0.028,3.277
3035,1456800,797,-0.03,-0.03,0.325,60.60,7.1978,0.0002,0.2792,0.0001,0.028,3.276
3040,1459200,797,-0.03,-0.03,0.332,62.00,7.4674,0.0001,0.4288,0.0001,0.028,3.276
3045,1461600,797,-0.04,-0.04,0.321,60.00,7.3158,0.0002,0.1900,0.0001,0.028,3.275
3050,1464000,797,-0.04,-0.04,0.326,60.90,7.3224,0.0002,-0.0146,0.0001,0.028,3.274
3055,1466400,797,-0.02,-0.02,0.332,62.00,7.4208,0.0003,0.1028,0.0001,0.028,3.273
3060,1468800,797,-0.03,-0.03,0.326,60.90,6.9597,0.0001,0.3120,0.0001,0.028,3.272
3065,1471200,797,-0.04,-0.04,0.333,62.20,7.2751,0.0001,-0.2959,0.0001,0.028,3.272
3070,1473600,797,-0.00,-0.01,0.342,63.90,7.3270,0.0002,-0.2314,0.0001,0.028,3.271
3075,1476000,797,-0.04,-0.04,0.332,62.00,7.3167,0.0002,0.0553,0.0001,0.028,3.270
3080,1478400,797,-0.02,-0.02,0.331,61.70,7.4247,0.0001,0.2533,0.0001,0.028,3.269
3085,1480800,797,-0.02,-0.01,0.336,62.70,6.9843,0.0002,0.2654,0.0001,0.028,3.268
3090,1483200,797,-0.02,-0.01,0.335,62.50,7.2847,0.0002,0.4318,0.0001,0.028,3.267
3095,1485600,797,-0.01,-0.01,0.341,63.70,7.1262,0.0002,-0.1062,0.0001,0.028,3.267
3100,1488000,797,-0.00,-0.02,0.339,63.20,7.0363,0.0002,-0.1177,0.0001,0.028,3.266
3105,1490400,797,-0.03,-0.04,0.334,62.30,7.4465,0.0003,-0.3012,0.0001,0.028,3.265
3110,1492800,797,-0.02,-0.03,0.344,64.30,6.9168,0.0004,-0.4941,0.0001,0.028,3.264
3115,1495200,797,-0.03,-0.04,0.335,62.50,7.3700,0.0003,-0.8185,0.0001,0.028,3.263
3120,1497600,797,-0.03,-0.03,0.328,61.20,7.0902,0.0002,-0.6960,0.0001,0.028,3.263