Updates,Timesteps,FPS,reward_mean,reward_median,space_ratio,items_packed,loss_entropy,loss_value,loss_action,loss_infeasibility,popart_mean,popart_std,new_best_model
5,2400,168,0.23,0.28,0.475,30.40,1.7533,3.0295,0.1493,0.0006,0.001,1.002,1
10,4800,288,-0.10,-0.12,0.389,24.90,2.6196,18.6316,0.8877,0.0006,0.000,1.006,0
15,7200,372,-0.15,-0.18,0.355,22.70,3.2893,2.6121,-0.8545,0.0006,-0.000,1.007,0
20,9600,451,-0.10,-0.12,0.342,21.90,4.2977,0.1856,-0.9311,0.0005,-0.000,1.007,0
25,12000,498,-0.10,-0.11,0.333,21.30,4.4929,4.6161,-0.8309,0.0005,-0.001,1.008,0
30,14400,548,-0.07,-0.06,0.344,22.00,4.6881,1.0580,0.7651,0.0004,-0.001,1.008,0
35,16800,576,-0.14,-0.16,0.319,20.40,5.0335,1.4727,-0.8079,0.0004,-0.001,1.008,0
40,19200,612,-0.11,-0.09,0.336,21.50,5.4364,0.9219,0.8124,0.0004,-0.001,1.008,0
45,21600,630,-0.13,-0.15,0.348,22.30,5.6342,0.1056,-1.0750,0.0004,-0.001,1.008,0
50,24000,658,-0.11,-0.15,0.339,21.70,5.5052,0.0792,0.5470,0.0004,-0.001,1.008,0
55,26400,670,-0.08,-0.08,0.350,22.40,5.3639,0.2546,0.5835,0.0004,-0.001,1.008,0
60,28800,693,-0.07,-0.07,0.366,23.40,5.4220,0.0659,-0.8615,0.0004,-0.001,1.007,0
65,31200,701,-0.09,-0.12,0.348,22.30,5.6346,0.1780,-0.4281,0.0004,-0.002,1.007,0
70,33600,720,-0.14,-0.12,0.341,21.80,6.0672,0.0125,0.1231,0.0004,-0.002,1.007,0
75,36000,724,-0.06,-0.04,0.370,23.70,5.4694,0.0453,0.2143,0.0004,-0.002,1.007,0
80,38400,741,0.02,0.03,0.402,25.70,4.7517,0.0142,-0.7452,0.0003,-0.002,1.006,0
85,40800,746,0.12,0.11,0.425,27.20,4.1030,0.0252,-0.1573,0.0004,-0.002,1.006,0
90,43200,761,0.14,0.14,0.448,28.70,4.3703,0.0140,-0.6987,0.0004,-0.002,1.006,0
95,45600,767,0.17,0.17,0.447,28.60,4.0584,0.0188,-0.8911,0.0003,-0.002,1.006,0
100,48000,778,0.27,0.24,0.491,31.40,3.1295,0.0109,0.2890,0.0003,-0.002,1.005,1
105,50400,780,0.49,0.50,0.553,35.40,2.0252,0.0100,0.1408,0.0004,-0.002,1.005,1
110,52800,790,0.52,0.52,0.559,35.80,1.4700,0.0316,-0.0634,0.0005,-0.001,1.005,1
115,55200,795,0.49,0.49,0.562,36.00,1.5212,0.0796,0.0030,0.0005,-0.001,1.005,1
120,57600,805,0.52,0.53,0.562,36.00,1.5462,0.0361,0.1695,0.0005,-0.001,1.005,0
125,60000,805,0.51,0.52,0.559,35.80,1.6870,0.0879,-0.1347,0.0004,-0.001,1.004,0
130,62400,812,0.47,0.48,0.558,35.70,2.0704,0.0522,0.3923,0.0004,-0.001,1.004,0
135,64800,812,0.38,0.39,0.545,34.90,3.0600,0.0328,-0.3419,0.0003,-0.001,1.004,0
140,67200,821,0.30,0.33,0.511,32.70,3.6229,0.0261,-0.0380,0.0004,-0.001,1.004,0
145,69600,820,0.28,0.30,0.486,31.10,3.7312,0.0218,-0.8531,0.0003,-0.001,1.003,0
150,72000,826,0.27,0.28,0.483,30.90,3.9028,0.0085,-0.4309,0.0002,-0.001,1.003,0
155,74400,828,0.39,0.38,0.523,33.50,3.0808,0.0061,-0.2820,0.0003,-0.001,1.003,0
160,76800,836,0.42,0.44,0.530,33.90,2.4827,0.0035,-0.1407,0.0004,-0.001,1.003,0
165,79200,836,0.50,0.52,0.553,35.40,1.7363,0.0018,-0.1146,0.0005,-0.000,1.003,0
170,81600,841,0.51,0.53,0.552,35.30,1.4800,0.0038,-0.1823,0.0005,-0.000,1.002,0
175,84000,841,0.55,0.55,0.562,36.00,1.2117,0.0035,-0.2925,0.0005,-0.000,1.002,0
180,86400,849,0.56,0.56,0.562,36.00,0.8742,0.0034,0.0368,0.0005,-0.000,1.002,0
185,88800,850,0.56,0.56,0.562,36.00,0.7151,0.0064,-0.0526,0.0006,0.000,1.002,0
190,91200,856,0.56,0.56,0.562,36.00,0.5174,0.0162,-0.0617,0.0006,0.000,1.001,0
195,93600,856,0.56,0.56,0.562,36.00,0.3472,0.0086,-0.0020,0.0005,0.000,1.001,0
200,96000,860,0.56,0.56,0.562,36.00,0.4284,0.0296,-0.0590,0.0005,0.001,1.001,0
205,98400,860,0.53,0.53,0.562,36.00,0.7445,0.0293,-0.1225,0.0006,0.001,1.001,0
210,100800,865,0.48,0.47,0.559,35.80,1.2626,0.0142,-0.6147,0.0006,0.001,1.001,0
215,103200,864,0.49,0.50,0.558,35.70,1.3516,0.0263,0.6555,0.0006,0.001,1.000,0
220,105600,869,0.51,0.54,0.552,35.30,0.7505,0.0398,-0.1166,0.0005,0.001,1.000,0
225,108000,868,0.56,0.56,0.562,36.00,0.6491,0.0656,-0.2883,0.0005,0.001,1.000,0
230,110400,873,0.56,0.56,0.562,36.00,1.0390,0.1719,0.2867,0.0003,0.001,1.000,0
235,112800,873,0.54,0.54,0.562,36.00,1.6093,0.0721,-0.3432,0.0003,0.002,1.000,0
240,115200,877,0.45,0.46,0.550,35.20,2.1305,0.1709,-0.4397,0.0003,0.002,0.999,0
245,117600,877,0.31,0.31,0.506,32.40,3.3656,0.1597,0.6200,0.0003,0.002,0.999,0
250,120000,882,0.07,0.03,0.417,26.70,4.9092,0.0405,0.1022,0.0004,0.002,0.999,0
255,122400,882,0.07,0.07,0.414,26.50,4.7363,0.0702,-0.0901,0.0004,0.002,0.999,0
260,124800,886,-0.01,-0.03,0.391,25.00,5.1257,0.0186,-0.3707,0.0004,0.002,0.998,0
265,127200,884,-0.01,-0.03,0.389,24.90,5.4444,0.0112,-0.1148,0.0004,0.002,0.998,0
270,129600,887,0.06,0.05,0.425,27.20,4.8619,0.0125,-0.4105,0.0004,0.002,0.998,0
275,132000,888,0.18,0.19,0.466,29.80,3.7196,0.0050,-0.3484,0.0005,0.002,0.998,0
280,134400,891,0.41,0.41,0.542,34.70,2.3044,0.0050,0.0221,0.0005,0.002,0.997,0
285,136800,891,0.43,0.44,0.545,34.90,2.4452,0.0085,-0.1225,0.0004,0.002,0.997,0
290,139200,894,0.49,0.49,0.553,35.40,2.3297,0.0087,-0.2296,0.0004,0.002,0.997,0
295,141600,893,0.51,0.51,0.561,35.90,2.3028,0.0383,0.1324,0.0004,0.002,0.997,0
300,144000,896,0.49,0.50,0.561,35.90,2.6980,0.0087,0.1387,0.0004,0.002,0.997,0
305,146400,894,0.48,0.49,0.555,35.50,2.7917,0.0173,-0.0040,0.0004,0.002,0.996,0
310,148800,898,0.48,0.49,0.555,35.50,2.5042,0.0148,-0.1676,0.0004,0.002,0.996,0
315,151200,898,0.48,0.49,0.562,36.00,2.2060,0.0115,-0.1809,0.0005,0.002,0.996,0
320,153600,899,0.45,0.46,0.547,35.00,2.4318,0.0066,0.3119,0.0005,0.003,0.996,0
325,156000,899,0.47,0.48,0.556,35.60,2.6629,0.0075,-0.0609,0.0004,0.003,0.995,0
330,158400,902,0.39,0.40,0.525,33.60,3.1987,0.0051,-0.0091,0.0004,0.003,0.995,0
335,160800,901,0.42,0.44,0.541,34.60,2.6004,0.0084,-0.2724,0.0004,0.003,0.995,0
340,163200,904,0.50,0.51,0.556,35.60,2.0581,0.0058,-0.4571,0.0004,0.003,0.995,0
345,165600,902,0.53,0.54,0.562,36.00,1.4863,0.0146,0.0522,0.0004,0.003,0.994,0
350,168000,905,0.54,0.54,0.562,36.00,1.2869,0.0108,-0.0481,0.0005,0.003,0.994,0
355,170400,906,0.53,0.53,0.561,35.90,1.4846,0.0165,0.0059,0.0005,0.003,0.994,0
360,172800,907,0.49,0.50,0.559,35.80,1.9645,0.0065,0.2599,0.0005,0.003,0.994,0
365,175200,907,0.41,0.41,0.533,34.10,3.0086,0.0093,0.0028,0.0004,0.004,0.994,0
370,177600,908,0.38,0.38,0.528,33.80,3.2000,0.0106,0.1439,0.0004,0.004,0.993,0
375,180000,907,0.41,0.41,0.528,33.80,2.7108,0.0055,-0.1170,0.0003,0.004,0.993,0
380,182400,909,0.45,0.49,0.544,34.80,2.2928,0.0085,-0.5909,0.0004,0.004,0.993,0
385,184800,907,0.46,0.48,0.547,35.00,2.1152,0.0048,-0.4338,0.0004,0.004,0.993,0
390,187200,909,0.48,0.51,0.548,35.10,1.6225,0.0033,0.2038,0.0005,0.004,0.992,0
395,189600,908,0.50,0.51,0.556,35.60,1.5552,0.0077,-0.0410,0.0005,0.004,0.992,0
400,192000,909,0.49,0.50,0.556,35.60,1.7572,0.0051,-0.1560,0.0005,0.004,0.992,0
405,194400,909,0.55,0.55,0.562,36.00,1.2339,0.0024,0.2342,0.0005,0.005,0.992,0
410,196800,911,0.55,0.54,0.562,36.00,0.8591,0.0012,0.0546,0.0004,0.005,0.992,0
415,199200,911,0.53,0.54,0.562,36.00,1.0163,0.0042,0.0813,0.0005,0.005,0.991,0
420,201600,912,0.53,0.54,0.556,35.60,1.0027,0.0019,-0.0954,0.0005,0.005,0.991,0
425,204000,912,0.54,0.54,0.562,36.00,0.8178,0.0035,0.0134,0.0005,0.005,0.991,0
430,206400,914,0.52,0.53,0.558,35.70,0.8080,0.0085,-0.1087,0.0005,0.005,0.991,0
435,208800,913,0.53,0.53,0.562,36.00,0.9004,0.0398,-0.1800,0.0005,0.005,0.990,0
440,211200,915,0.54,0.54,0.562,36.00,0.7612,0.0282,-0.0590,0.0005,0.005,0.990,0
445,213600,914,0.52,0.53,0.561,35.90,0.8905,0.0550,0.0644,0.0004,0.006,0.990,0
450,216000,915,0.56,0.56,0.562,36.00,0.8620,0.0784,-0.2502,0.0004,0.006,0.990,0
455,218400,914,0.55,0.55,0.562,36.00,0.9480,0.0278,0.0383,0.0004,0.006,0.990,0
460,220800,915,0.52,0.54,0.552,35.30,1.3330,0.0266,0.0837,0.0004,0.006,0.989,0
465,223200,915,0.53,0.53,0.559,35.80,1.5177,0.0117,0.0301,0.0004,0.006,0.989,0
470,225600,917,0.53,0.54,0.558,35.70,1.4352,0.0128,-0.3896,0.0004,0.006,0.989,0
475,228000,917,0.52,0.53,0.553,35.40,1.7396,0.0173,-0.2414,0.0004,0.006,0.989,0
480,230400,917,0.53,0.54,0.559,35.80,2.0958,0.0050,0.3233,0.0004,0.006,0.988,0
485,232800,917,0.49,0.50,0.559,35.80,2.4366,0.0217,-0.0660,0.0005,0.007,0.988,0
490,235200,919,0.46,0.47,0.555,35.50,2.8172,0.0084,-0.2511,0.0005,0.007,0.988,0
495,237600,919,0.44,0.44,0.559,35.80,2.7002,0.0169,-0.4684,0.0004,0.007,0.988,0
500,240000,920,0.41,0.42,0.541,34.60,2.7638,0.0139,0.6112,0.0003,0.007,0.988,0
505,242400,920,0.38,0.36,0.533,34.10,2.8477,0.0246,0.1500,0.0004,0.007,0.987,0
510,244800,922,0.33,0.32,0.531,34.00,3.4170,0.0074,-0.1099,0.0005,0.007,0.987,0
515,247200,921,0.26,0.27,0.508,32.50,3.4774,0.0110,-0.4862,0.0005,0.007,0.987,0
520,249600,923,0.26,0.28,0.509,32.60,3.9064,0.0077,-0.1565,0.0005,0.007,0.987,0
525,252000,922,0.41,0.42,0.541,34.60,2.6769,0.0188,0.0627,0.0005,0.007,0.986,0
530,254400,924,0.50,0.52,0.556,35.60,1.9889,0.0065,-0.0445,0.0005,0.007,0.986,0
535,256800,923,0.49,0.51,0.548,35.10,1.7193,0.0144,-0.3566,0.0004,0.008,0.986,0
540,259200,924,0.35,0.38,0.512,32.80,2.5299,0.0081,-0.2324,0.0004,0.008,0.986,0
545,261600,923,0.41,0.45,0.541,34.60,2.6394,0.0084,0.3570,0.0005,0.008,0.985,0
550,264000,923,0.49,0.49,0.552,35.30,2.0493,0.0016,-0.0220,0.0004,0.008,0.985,0
555,266400,923,0.54,0.54,0.561,35.90,1.4056,0.0035,-0.1068,0.0004,0.008,0.985,0
560,268800,924,0.56,0.56,0.562,36.00,1.1834,0.0080,0.0350,0.0004,0.008,0.985,0
565,271200,923,0.54,0.55,0.561,35.90,1.2239,0.0243,0.0233,0.0005,0.008,0.985,0
570,273600,925,0.51,0.52,0.559,35.80,1.1883,0.0016,-0.2826,0.0005,0.008,0.984,0
575,276000,923,0.53,0.53,0.559,35.80,0.9993,0.0094,0.1005,0.0005,0.008,0.984,0
580,278400,924,0.53,0.54,0.562,36.00,1.4195,0.0027,0.0994,0.0005,0.009,0.984,0
585,280800,924,0.54,0.54,0.562,36.00,1.5881,0.0216,0.0383,0.0005,0.009,0.984,0
590,283200,925,0.50,0.52,0.552,35.30,1.7779,0.0041,0.1994,0.0004,0.009,0.983,0
595,285600,925,0.53,0.54,0.559,35.80,1.6505,0.0159,-0.0880,0.0005,0.009,0.983,0
600,288000,925,0.53,0.54,0.556,35.60,1.5615,0.0024,0.1829,0.0005,0.009,0.983,0
605,290400,925,0.42,0.42,0.517,33.10,1.8402,0.0057,-0.3226,0.0005,0.009,0.983,0
610,292800,926,0.50,0.52,0.547,35.00,1.7503,0.0105,-0.2079,0.0005,0.009,0.983,0
615,295200,925,0.51,0.52,0.555,35.50,1.8558,0.0123,0.3227,0.0004,0.009,0.982,0
620,297600,926,0.54,0.55,0.561,35.90,1.5530,0.0079,0.2619,0.0005,0.009,0.982,0
625,300000,925,0.51,0.52,0.559,35.80,1.7392,0.0065,-0.5321,0.0005,0.010,0.982,0
630,302400,926,0.50,0.50,0.562,36.00,1.7278,0.0065,0.2507,0.0005,0.010,0.982,0
635,304800,926,0.49,0.49,0.558,35.70,1.6514,0.0041,0.1622,0.0005,0.010,0.981,0
640,307200,926,0.53,0.54,0.562,36.00,1.2737,0.0112,-0.1396,0.0005,0.010,0.981,0
645,309600,926,0.50,0.51,0.561,35.90,1.2367,0.0123,-0.3618,0.0005,0.010,0.981,0
650,312000,927,0.52,0.53,0.561,35.90,1.3160,0.0089,0.1194,0.0005,0.010,0.981,0
655,314400,926,0.53,0.53,0.562,36.00,1.3380,0.0415,-0.2037,0.0005,0.010,0.981,0
660,316800,928,0.54,0.54,0.561,35.90,1.4500,0.0245,0.3831,0.0005,0.010,0.980,0
665,319200,928,0.52,0.54,0.561,35.90,1.7734,0.0270,-0.0051,0.0004,0.011,0.980,0
670,321600,929,0.47,0.47,0.561,35.90,2.4726,0.0142,0.3916,0.0004,0.011,0.980,0
675,324000,928,0.30,0.29,0.528,33.80,4.2038,0.0064,-0.2201,0.0003,0.011,0.980,0
680,326400,929,0.29,0.30,0.519,33.20,4.4959,0.0047,-0.4095,0.0003,0.011,0.979,0
685,328800,928,0.49,0.50,0.558,35.70,2.7609,0.0066,0.4282,0.0003,0.011,0.979,0
690,331200,929,0.47,0.49,0.555,35.50,2.7261,0.0060,0.0635,0.0004,0.011,0.979,0
695,333600,928,0.45,0.47,0.548,35.10,2.5879,0.0083,0.0148,0.0004,0.011,0.979,0
700,336000,930,0.52,0.53,0.559,35.80,2.2293,0.0043,-0.0898,0.0004,0.011,0.979,0
705,338400,929,0.55,0.55,0.562,36.00,1.9351,0.0034,0.2249,0.0003,0.011,0.978,0
710,340800,929,0.55,0.55,0.562,36.00,1.3891,0.0061,-0.2285,0.0004,0.012,0.978,0
715,343200,927,0.56,0.56,0.562,36.00,1.4124,0.0056,-0.0586,0.0005,0.012,0.978,0
720,345600,929,0.56,0.56,0.562,36.00,1.1216,0.0042,0.0270,0.0005,0.012,0.978,0
725,348000,928,0.56,0.56,0.562,36.00,1.1802,0.0099,-0.0868,0.0005,0.012,0.978,0
730,350400,929,0.56,0.56,0.562,36.00,0.9637,0.0051,-0.1023,0.0005,0.012,0.977,0
735,352800,928,0.56,0.56,0.562,36.00,1.3637,0.0052,0.0737,0.0005,0.012,0.977,0
740,355200,929,0.56,0.56,0.562,36.00,1.0850,0.0044,0.2052,0.0004,0.012,0.977,0
745,357600,929,0.55,0.55,0.562,36.00,1.2816,0.0054,0.0065,0.0004,0.012,0.977,0
750,360000,930,0.54,0.55,0.562,36.00,1.4811,0.0029,-0.1087,0.0004,0.013,0.976,0
755,362400,929,0.53,0.53,0.562,36.00,1.8364,0.0080,0.0181,0.0004,0.013,0.976,0
760,364800,930,0.46,0.47,0.556,35.60,2.7938,0.0078,0.3924,0.0003,0.013,0.976,0
765,367200,929,0.43,0.42,0.555,35.50,3.3727,0.0040,0.2029,0.0003,0.013,0.976,0
770,369600,930,0.46,0.48,0.558,35.70,2.9998,0.0071,0.3519,0.0003,0.013,0.976,0
775,372000,930,0.46,0.48,0.556,35.60,3.1181,0.0065,0.0399,0.0003,0.013,0.975,0
780,374400,931,0.45,0.47,0.555,35.50,3.3346,0.0033,-0.0999,0.0003,0.013,0.975,0
785,376800,930,0.42,0.42,0.548,35.10,3.4302,0.0025,-0.4515,0.0003,0.013,0.975,0
790,379200,931,0.44,0.45,0.556,35.60,3.3932,0.0031,-0.5038,0.0003,0.013,0.975,0
795,381600,931,0.47,0.47,0.561,35.90,3.0460,0.0019,-0.0910,0.0003,0.013,0.974,0
800,384000,932,0.44,0.46,0.553,35.40,2.9761,0.0031,0.0736,0.0003,0.013,0.974,0
805,386400,931,0.46,0.47,0.558,35.70,2.8602,0.0048,-0.0883,0.0003,0.014,0.974,0
810,388800,932,0.50,0.50,0.562,36.00,2.4804,0.0013,-0.0775,0.0003,0.014,0.974,0
815,391200,931,0.50,0.52,0.561,35.90,2.2512,0.0014,-0.2121,0.0003,0.014,0.973,0
820,393600,932,0.52,0.52,0.562,36.00,2.0864,0.0020,0.0051,0.0004,0.014,0.973,0
825,396000,932,0.50,0.50,0.562,36.00,2.1900,0.0017,-0.1497,0.0004,0.014,0.973,0
830,398400,932,0.47,0.48,0.561,35.90,2.2987,0.0011,-0.1134,0.0004,0.014,0.973,0
835,400800,931,0.48,0.48,0.559,35.80,2.4424,0.0013,0.0114,0.0004,0.014,0.973,0
840,403200,932,0.51,0.51,0.562,36.00,2.0769,0.0018,0.0152,0.0004,0.014,0.972,0
845,405600,932,0.53,0.53,0.562,36.00,1.6413,0.0014,-0.1554,0.0004,0.015,0.972,0
850,408000,933,0.54,0.54,0.562,36.00,1.5497,0.0013,-0.2856,0.0004,0.015,0.972,0
855,410400,932,0.55,0.55,0.562,36.00,1.3439,0.0016,-0.1988,0.0004,0.015,0.972,0
860,412800,934,0.56,0.56,0.562,36.00,1.1947,0.0005,0.1209,0.0004,0.015,0.971,0
865,415200,933,0.55,0.54,0.562,36.00,1.2581,0.0006,0.0710,0.0004,0.015,0.971,0
870,417600,934,0.54,0.54,0.562,36.00,1.4148,0.0009,-0.2622,0.0004,0.015,0.971,0
875,420000,933,0.53,0.53,0.562,36.00,1.1749,0.0005,-0.1511,0.0004,0.015,0.971,0
880,422400,934,0.54,0.55,0.561,35.90,1.2426,0.0009,-0.1313,0.0004,0.015,0.971,0
885,424800,934,0.51,0.52,0.564,36.10,1.6262,0.0014,-0.0596,0.0005,0.016,0.970,1
890,427200,935,0.51,0.51,0.562,36.00,1.7433,0.0013,-0.0866,0.0005,0.016,0.970,0
895,429600,934,0.52,0.52,0.562,36.00,1.5041,0.0009,-0.0126,0.0005,0.016,0.970,0
900,432000,935,0.53,0.53,0.562,36.00,1.3662,0.0009,-0.3219,0.0005,0.016,0.970,0
905,434400,934,0.53,0.53,0.562,36.00,1.3166,0.0006,-0.2827,0.0005,0.016,0.969,0
910,436800,935,0.54,0.55,0.562,36.00,1.1888,0.0006,-0.2038,0.0005,0.016,0.969,0
915,439200,935,0.55,0.55,0.562,36.00,1.0616,0.0008,-0.1620,0.0005,0.016,0.969,0
920,441600,935,0.55,0.55,0.562,36.00,1.1026,0.0009,0.0876,0.0005,0.016,0.969,0
925,444000,934,0.54,0.54,0.562,36.00,1.3872,0.0063,0.1826,0.0005,0.016,0.969,0
930,446400,935,0.55,0.55,0.562,36.00,1.2954,0.0008,-0.0292,0.0005,0.017,0.968,0
935,448800,934,0.55,0.55,0.562,36.00,1.2929,0.0018,0.1430,0.0004,0.017,0.968,0
940,451200,935,0.55,0.55,0.562,36.00,1.5848,0.0010,-0.1005,0.0003,0.017,0.968,0
945,453600,934,0.55,0.55,0.562,36.00,1.8088,0.0014,-0.4452,0.0003,0.017,0.968,0
950,456000,935,0.52,0.53,0.559,35.80,2.2734,0.0013,0.1136,0.0002,0.017,0.967,0
955,458400,934,0.53,0.53,0.562,36.00,2.4798,0.0005,0.0400,0.0003,0.017,0.967,0
960,460800,935,0.52,0.52,0.562,36.00,2.4273,0.0006,0.0077,0.0003,0.017,0.967,0
965,463200,935,0.53,0.53,0.562,36.00,2.1670,0.0006,-0.2594,0.0004,0.017,0.967,0
970,465600,936,0.54,0.54,0.562,36.00,2.0049,0.0008,-0.2636,0.0004,0.018,0.967,0
975,468000,935,0.54,0.54,0.562,36.00,1.7041,0.0012,0.1453,0.0004,0.018,0.966,0
980,470400,937,0.54,0.54,0.562,36.00,1.8198,0.0010,-0.1557,0.0004,0.018,0.966,0
985,472800,937,0.53,0.53,0.562,36.00,1.6594,0.0011,-0.3416,0.0005,0.018,0.966,0
990,475200,937,0.55,0.55,0.562,36.00,1.5952,0.0021,0.2177,0.0004,0.018,0.966,0
995,477600,936,0.56,0.56,0.562,36.00,1.7705,0.0019,0.0436,0.0003,0.018,0.965,0
1000,480000,937,0.55,0.56,0.562,36.00,1.7331,0.0016,-0.2132,0.0003,0.018,0.965,0
1005,482400,937,0.53,0.54,0.559,35.80,1.5211,0.0038,0.0328,0.0004,0.018,0.965,0
1010,484800,937,0.53,0.54,0.562,36.00,1.7413,0.0020,0.1096,0.0004,0.018,0.965,0
1015,487200,937,0.54,0.54,0.562,36.00,1.7251,0.0023,0.0012,0.0004,0.019,0.965,0
1020,489600,938,0.56,0.56,0.562,36.00,1.4034,0.0018,-0.0207,0.0004,0.019,0.964,0
1025,492000,938,0.55,0.55,0.562,36.00,1.5293,0.0021,-0.3278,0.0003,0.019,0.964,0
1030,494400,938,0.55,0.55,0.562,36.00,1.5228,0.0020,-0.2858,0.0003,0.019,0.964,0
1035,496800,938,0.56,0.56,0.562,36.00,1.4616,0.0010,0.1242,0.0003,0.019,0.964,0
1040,499200,939,0.56,0.56,0.562,36.00,1.6222,0.0007,0.1983,0.0003,0.019,0.964,0
1045,501600,938,0.55,0.55,0.562,36.00,1.5906,0.0012,0.1855,0.0003,0.019,0.963,0
1050,504000,939,0.56,0.56,0.562,36.00,1.3001,0.0010,0.2029,0.0004,0.019,0.963,0
1055,506400,938,0.56,0.56,0.562,36.00,1.3859,0.0017,-0.0935,0.0004,0.020,0.963,0
1060,508800,939,0.56,0.56,0.562,36.00,1.3177,0.0016,-0.0909,0.0004,0.020,0.963,0
1065,511200,938,0.56,0.56,0.562,36.00,1.3759,0.0009,0.2478,0.0004,0.020,0.962,0
1070,513600,939,0.55,0.55,0.562,36.00,1.7443,0.0013,-0.1932,0.0004,0.020,0.962,0
1075,516000,939,0.53,0.53,0.562,36.00,1.7471,0.0012,-0.0129,0.0004,0.020,0.962,0
1080,518400,939,0.53,0.53,0.562,36.00,1.7100,0.0010,0.0740,0.0004,0.020,0.962,0
1085,520800,939,0.51,0.51,0.561,35.90,1.6074,0.0029,0.1015,0.0005,0.020,0.962,0
1090,523200,939,0.54,0.54,0.562,36.00,0.8504,0.0018,-0.0257,0.0005,0.020,0.961,0
1095,525600,939,0.55,0.56,0.562,36.00,0.6026,0.0021,0.0486,0.0005,0.020,0.961,0
1100,528000,940,0.54,0.56,0.558,35.70,0.5596,0.0008,-0.2170,0.0005,0.021,0.961,0
1105,530400,939,0.56,0.56,0.562,36.00,0.6003,0.0008,0.1030,0.0005,0.021,0.961,0
1110,532800,940,0.55,0.55,0.562,36.00,0.9253,0.0008,0.0094,0.0004,0.021,0.960,0
1115,535200,939,0.55,0.55,0.562,36.00,1.1533,0.0025,-0.2249,0.0004,0.021,0.960,0
1120,537600,940,0.55,0.55,0.562,36.00,1.0035,0.0036,0.2300,0.0004,0.021,0.960,0
1125,540000,939,0.54,0.54,0.562,36.00,0.8519,0.0024,-0.1012,0.0005,0.021,0.960,0
1130,542400,940,0.55,0.55,0.562,36.00,0.8295,0.0030,-0.1269,0.0005,0.021,0.960,0
1135,544800,939,0.55,0.55,0.562,36.00,0.9651,0.0008,0.1857,0.0005,0.021,0.959,0
1140,547200,940,0.55,0.54,0.562,36.00,0.8813,0.0033,0.2055,0.0005,0.022,0.959,0
1145,549600,939,0.53,0.54,0.562,36.00,1.0078,0.0016,0.0475,0.0005,0.022,0.959,0
1150,552000,940,0.54,0.54,0.562,36.00,0.8698,0.0059,-0.0908,0.0005,0.022,0.959,0
1155,554400,939,0.55,0.55,0.562,36.00,0.9582,0.0050,0.1011,0.0005,0.022,0.958,0
1160,556800,940,0.55,0.55,0.562,36.00,1.0428,0.0018,-0.0004,0.0004,0.022,0.958,0
1165,559200,940,0.54,0.55,0.562,36.00,0.8666,0.0074,0.0007,0.0004,0.022,0.958,0
1170,561600,941,0.55,0.55,0.562,36.00,0.9566,0.0050,0.0420,0.0004,0.022,0.958,0
1175,564000,940,0.55,0.55,0.562,36.00,0.7625,0.0083,0.0913,0.0004,0.022,0.958,0
1180,566400,941,0.56,0.56,0.562,36.00,0.4574,0.0121,0.2539,0.0005,0.022,0.957,0
1185,568800,941,0.55,0.55,0.562,36.00,0.6158,0.0300,0.0165,0.0005,0.023,0.957,0
1190,571200,941,0.54,0.55,0.562,36.00,0.5758,0.0052,-0.1180,0.0005,0.023,0.957,0
1195,573600,941,0.55,0.54,0.562,36.00,0.4493,0.0086,-0.0909,0.0005,0.023,0.957,0
1200,576000,942,0.55,0.56,0.562,36.00,0.3824,0.0008,0.0981,0.0005,0.023,0.957,0
1205,578400,941,0.54,0.54,0.562,36.00,0.5526,0.0041,0.0335,0.0005,0.023,0.956,0
1210,580800,942,0.54,0.54,0.562,36.00,0.6587,0.0009,-0.0097,0.0005,0.023,0.956,0
1215,583200,941,0.55,0.55,0.562,36.00,0.4323,0.0044,0.0338,0.0006,0.023,0.956,0